Type: 0 
Bin: 0 
place side object: 0 
Object: 0 
Iteration: 0 
Particle positions: [[ 190 -145 -171 -194 -123 -204 -146 -109 -146 -132  -16 -156 -288 -238
  -186 -181 -207  -40   79   35]] 
Fitness: [ 6921 11809 12040 12219 11544 12299 11818 11376 11819 11684 10157 11909
 12818 12573 12159 12120 12321 10504  8672  9385] 
Iteration: 1 
Particle positions: [[-300 -300 -246 -300 -300 -219 -300 -300 -300 -300  -84 -209 -289 -299
  -267 -298 -300  -56 -300 -288]] 
Fitness: [12859 12860 12620 12860 12860 12409 12859 12859 12859 12859 11106 12337
 12822 12857 12730 12853 12860 10730 12860 12819] 
Iteration: 2 
Particle positions: [[-300 -300 -300 -300 -300 -300 -300 -300 -300 -300 -245 -300 -293 -300
  -300 -300 -300 -300 -300 -300]] 
Fitness: [12859 12859 12859 12860 12859 12859 12860 12860 12859 12860 12615 12859
 12837 12860 12859 12860 12860 12859 12859 12860] 
Iteration: 3 
Particle positions: [[-300 -300 -300 -300 -300 -300 -300 -300 -300 -300 -300 -300 -300 -300
  -300 -300 -300 -300 -300 -300]] 
Fitness: [12859 12859 12860 12859 12860 12860 12859 12859 12859 12860 12859 12860
 12859 12859 12860 12860 12859 12859 12860 12859] 
Iteration: 4 
Particle positions: [[-300 -300 -300 -300 -300 -300 -300 -300 -300 -300 -300 -300 -300 -300
  -300 -300 -300 -300 -300 -300]] 
Fitness: [12859 12860 12860 12860 12859 12860 12860 12859 12860 12859 12859 12860
 12859 12858 12860 12859 12859 12860 12860 12860] 
Iteration: 5 
Particle positions: [[-300 -300 -300 -300 -300 -300 -300 -300 -300 -300 -300 -300 -300 -300
  -300 -300 -300 -300 -300 -300]] 
Fitness: [12859 12860 12860 12860 12860 12860 12859 12859 12860 12859 12860 12859
 12859 12859 12860 12859 12859 12859 12860 12859] 
Iteration: 6 
Particle positions: [[-300 -300 -300 -300 -300 -300 -300 -300 -300 -300 -300 -300 -300 -300
  -300 -300 -300 -300 -300 -300]] 
Fitness: [12859 12859 12859 12859 12859 12859 12858 12859 12859 12858 12859 12860
 12859 12860 12859 12859 12860 12860 12860 12860] 
Iteration: 7 
Particle positions: [[-300 -300 -300 -300 -300 -300 -300 -300 -300 -300 -300 -300 -300 -300
  -300 -300 -300 -300 -300 -300]] 
Fitness: [12859 12859 12860 12859 12860 12859 12860 12859 12860 12860 12859 12859
 12859 12858 12859 12859 12860 12858 12860 12859] 
Iteration: 8 
Particle positions: [[-300 -300 -300 -300 -300 -300 -300 -300 -300 -300 -300 -300 -300 -300
  -300 -300 -300 -300 -300 -300]] 
Fitness: [12859 12859 12859 12860 12860 12859 12860 12860 12859 12860 12859 12860
 12860 12858 12859 12859 12859 12859 12860 12859] 
Iteration: 9 
Particle positions: [[-300 -300 -300 -300 -300 -300 -300 -300 -300 -300 -300 -300 -300 -300
  -300 -300 -300 -300 -300 -300]] 
Fitness: [12860 12858 12858 12859 12860 12859 12859 12859 12860 12858 12859 12859
 12859 12859 12860 12860 12860 12858 12860 12859] 
Iteration: 10 
Particle positions: [[-300 -300 -300 -300 -300 -300 -300 -300 -300 -300 -300 -300 -300 -300
  -300 -300 -300 -300 -300 -300]] 
Fitness: [12860 12859 12859 12859 12859 12859 12859 12859 12859 12859 12859 12858
 12860 12859 12859 12859 12858 12859 12860 12859] 
Iteration: 11 
Particle positions: [[-300 -300 -300 -300 -300 -300 -300 -300 -300 -300 -300 -300 -300 -300
  -300 -300 -300 -300 -300 -300]] 
Fitness: [12859 12860 12860 12859 12859 12859 12860 12859 12860 12859 12860 12860
 12860 12859 12860 12860 12860 12859 12859 12859] 
Iteration: 12 
Particle positions: [[-300 -300 -300 -300 -300 -300 -300 -300 -300 -300 -300 -300 -300 -300
  -300 -300 -300 -300 -300 -300]] 
Fitness: [12859 12859 12860 12861 12860 12859 12859 12860 12859 12860 12859 12859
 12859 12860 12860 12859 12859 12859 12859 12859] 
Iteration: 13 
Particle positions: [[-300 -300 -300 -300 -300 -300 -300 -300 -300 -300 -300 -300 -300 -300
  -300 -300 -300 -300 -300 -300]] 
Fitness: [12859 12859 12859 12859 12859 12860 12860 12859 12859 12859 12859 12859
 12859 12860 12859 12860 12859 12859 12860 12858] 
Iteration: 14 
Particle positions: [[-300 -300 -300 -300 -300 -300 -300 -300 -300 -300 -300 -300 -300 -300
  -300 -300 -300 -300 -300 -300]] 
Fitness: [12859 12859 12860 12859 12860 12860 12859 12860 12860 12860 12861 12860
 12860 12860 12860 12859 12860 12859 12860 12860] 
Iteration: 15 
Particle positions: [[-300 -300 -300 -300 -300 -300 -300 -300 -300 -300 -300 -300 -300 -300
  -300 -300 -300 -300 -300 -300]] 
Fitness: [12859 12859 12859 12859 12859 12859 12859 12859 12859 12859 12860 12860
 12859 12859 12859 12860 12861 12859 12859 12860] 
Iteration: 16 
Particle positions: [[-300 -300 -300 -300 -300 -300 -300 -300 -300 -300 -300 -300 -300 -300
  -300 -300 -300 -300 -300 -300]] 
Fitness: [12859 12859 12860 12860 12860 12860 12859 12860 12859 12859 12860 12858
 12859 12859 12859 12860 12860 12859 12860 12858] 
Iteration: 17 
Particle positions: [[-300 -300 -300 -300 -300 -300 -300 -300 -300 -300 -300 -300 -300 -300
  -300 -300 -300 -300 -300 -300]] 
Fitness: [12860 12859 12860 12859 12859 12860 12859 12861 12860 12859 12859 12859
 12860 12860 12859 12859 12859 12859 12860 12860] 
Iteration: 18 
Particle positions: [[-300 -300 -300 -300 -300 -300 -300 -300 -300 -300 -300 -300 -300 -300
  -300 -300 -300 -300 -300 -300]] 
Fitness: [12860 12859 12859 12859 12860 12859 12860 12859 12859 12860 12860 12859
 12859 12859 12860 12859 12860 12860 12860 12860] 
Iteration: 19 
Particle positions: [[-300 -300 -300 -300 -300 -300 -300 -300 -300 -300 -300 -300 -300 -300
  -300 -300 -300 -300 -300 -300]] 
Fitness: [12860 12859 12860 12860 12859 12860 12860 12860 12860 12860 12858 12860
 12859 12860 12859 12860 12860 12860 12860 12860] 
Iteration: 20 
Particle positions: [[-300 -300 -300 -300 -300 -300 -300 -300 -300 -300 -300 -300 -300 -300
  -300 -300 -300 -300 -300 -300]] 
Fitness: [12860 12858 12859 12860 12860 12859 12859 12860 12860 12860 12859 12860
 12859 12859 12860 12859 12860 12859 12860 12859] 
Iteration: 21 
Particle positions: [[-300 -300 -300 -300 -300 -300 -300 -300 -300 -300 -300 -300 -300 -300
  -300 -300 -300 -300 -300 -300]] 
Fitness: [12860 12859 12859 12860 12859 12859 12859 12860 12860 12860 12860 12860
 12859 12860 12861 12860 12860 12859 12859 12860] 
Iteration: 22 
Particle positions: [[-300 -300 -300 -300 -300 -300 -300 -300 -300 -300 -300 -300 -300 -300
  -300 -300 -300 -300 -300 -300]] 
Fitness: [12860 12858 12860 12860 12860 12859 12860 12860 12859 12860 12860 12860
 12860 12858 12860 12858 12860 12859 12860 12859] 
Iteration: 23 
Particle positions: [[-300 -300 -300 -300 -300 -300 -300 -300 -300 -300 -300 -300 -300 -300
  -300 -300 -300 -300 -300 -300]] 
Fitness: [12860 12859 12859 12859 12859 12859 12858 12859 12860 12859 12859 12859
 12860 12860 12859 12859 12860 12859 12858 12858] 
Iteration: 24 
Particle positions: [[-300 -300 -300 -300 -300 -300 -300 -300 -300 -300 -300 -300 -300 -300
  -300 -300 -300 -300 -300 -300]] 
Fitness: [12860 12860 12860 12860 12859 12860 12859 12860 12859 12860 12860 12859
 12859 12860 12860 12859 12859 12859 12860 12861] 
Iteration: 25 
Particle positions: [[-300 -300 -300 -300 -300 -300 -300 -300 -300 -300 -300 -300 -300 -300
  -300 -300 -300 -300 -300 -300]] 
Fitness: [12859 12859 12860 12859 12859 12859 12860 12860 12859 12860 12859 12860
 12859 12860 12859 12860 12858 12860 12859 12859] 
Iteration: 26 
Particle positions: [[-300 -300 -300 -300 -300 -300 -300 -300 -300 -300 -300 -300 -300 -300
  -300 -300 -300 -300 -300 -300]] 
Fitness: [12861 12860 12860 12859 12860 12859 12860 12859 12860 12860 12860 12859
 12859 12860 12860 12860 12860 12861 12860 12860] 
Iteration: 27 
Particle positions: [[-300 -300 -300 -300 -300 -300 -300 -300 -300 -300 -300 -300 -300 -300
  -300 -300 -300 -300 -300 -300]] 
Fitness: [12860 12860 12859 12861 12860 12859 12859 12860 12860 12859 12859 12859
 12858 12860 12860 12859 12860 12859 12860 12860] 
Iteration: 28 
Particle positions: [[-300 -300 -300 -300 -300 -300 -300 -300 -300 -300 -300 -300 -300 -300
  -300 -300 -300 -300 -300 -300]] 
Fitness: [12859 12859 12860 12860 12860 12860 12860 12860 12859 12860 12860 12860
 12860 12859 12860 12860 12860 12860 12859 12860] 
Iteration: 29 
Particle positions: [[-300 -300 -300 -300 -300 -300 -300 -300 -300 -300 -300 -300 -300 -300
  -300 -300 -300 -300 -300 -300]] 
Fitness: [12859 12859 12859 12859 12860 12860 12860 12859 12860 12860 12859 12859
 12859 12860 12860 12860 12859 12859 12859 12859] 
Iteration: 30 
Particle positions: [[-300 -300 -300 -300 -300 -300 -300 -300 -300 -300 -300 -300 -300 -300
  -300 -300 -300 -300 -300 -300]] 
Fitness: [12860 12860 12860 12859 12860 12860 12860 12860 12859 12860 12860 12860
 12859 12859 12860 12859 12860 12859 12860 12859] 
Iteration: 31 
Particle positions: [[-300 -300 -300 -300 -300 -300 -300 -300 -300 -300 -300 -300 -300 -300
  -300 -300 -300 -300 -300 -300]] 
Fitness: [12859 12860 12859 12859 12859 12859 12859 12860 12860 12860 12859 12859
 12860 12859 12859 12859 12860 12860 12860 12859] 
Iteration: 32 
Particle positions: [[-300 -300 -300 -300 -300 -300 -300 -300 -300 -300 -300 -300 -300 -300
  -300 -300 -300 -300 -300 -300]] 
Fitness: [12859 12860 12861 12860 12860 12859 12859 12860 12859 12859 12859 12860
 12859 12859 12860 12859 12860 12858 12860 12860] 
Iteration: 33 
Particle positions: [[-300 -300 -300 -300 -300 -300 -300 -300 -300 -300 -300 -300 -300 -300
  -300 -300 -300 -300 -300 -300]] 
Fitness: [12860 12860 12859 12859 12859 12860 12860 12859 12859 12859 12859 12859
 12860 12860 12859 12860 12859 12859 12859 12859] 
Iteration: 34 
Particle positions: [[-300 -300 -300 -300 -300 -300 -300 -300 -300 -300 -300 -300 -300 -300
  -300 -300 -300 -300 -300 -300]] 
Fitness: [12859 12859 12860 12860 12860 12860 12859 12859 12860 12860 12859 12860
 12859 12860 12860 12859 12860 12860 12858 12860] 
Iteration: 35 
Particle positions: [[-300 -300 -300 -300 -300 -300 -300 -300 -300 -300 -300 -300 -300 -300
  -300 -300 -300 -300 -300 -300]] 
Fitness: [12860 12860 12860 12859 12859 12859 12859 12859 12860 12859 12860 12859
 12859 12859 12859 12859 12859 12860 12860 12860] 
Iteration: 36 
Particle positions: [[-300 -300 -300 -300 -300 -300 -300 -300 -300 -300 -300 -300 -300 -300
  -300 -300 -300 -300 -300 -300]] 
Fitness: [12859 12859 12859 12859 12859 12859 12859 12859 12860 12860 12860 12860
 12859 12860 12860 12859 12859 12859 12860 12859] 
Iteration: 37 
Particle positions: [[-300 -300 -300 -300 -300 -300 -300 -300 -300 -300 -300 -300 -300 -300
  -300 -300 -300 -300 -300 -300]] 
Fitness: [12860 12859 12860 12859 12860 12859 12860 12860 12860 12859 12860 12860
 12859 12859 12859 12860 12859 12859 12859 12860] 
Iteration: 38 
Particle positions: [[-300 -300 -300 -300 -300 -300 -300 -300 -300 -300 -300 -300 -300 -300
  -300 -300 -300 -300 -300 -300]] 
Fitness: [12859 12860 12860 12859 12860 12860 12859 12859 12859 12860 12859 12859
 12860 12859 12860 12860 12858 12859 12860 12860] 
Iteration: 39 
Particle positions: [[-300 -300 -300 -300 -300 -300 -300 -300 -300 -300 -300 -300 -300 -300
  -300 -300 -300 -300 -300 -300]] 
Fitness: [12859 12859 12859 12859 12859 12859 12859 12859 12859 12860 12860 12859
 12860 12859 12859 12860 12859 12860 12859 12858] 
Iteration: 40 
Particle positions: [[-300 -300 -300 -300 -300 -300 -300 -300 -300 -300 -300 -300 -300 -300
  -300 -300 -300 -300 -300 -300]] 
Fitness: [12859 12861 12859 12860 12859 12860 12861 12860 12858 12859 12860 12859
 12860 12860 12859 12859 12859 12859 12860 12860] 
Iteration: 41 
Particle positions: [[-300 -300 -300 -300 -300 -300 -300 -300 -300 -300 -300 -300 -300 -300
  -300 -300 -300 -300 -300 -300]] 
Fitness: [12859 12859 12858 12859 12860 12860 12859 12859 12859 12858 12859 12860
 12859 12860 12859 12860 12859 12860 12859 12860] 
Iteration: 42 
Particle positions: [[-300 -300 -300 -300 -300 -300 -300 -300 -300 -300 -300 -300 -300 -300
  -300 -300 -300 -300 -300 -300]] 
Fitness: [12859 12859 12859 12859 12859 12859 12860 12860 12859 12860 12859 12858
 12859 12860 12859 12860 12859 12860 12860 12859] 
Iteration: 43 
Particle positions: [[-300 -300 -300 -300 -300 -300 -300 -300 -300 -300 -300 -300 -300 -300
  -300 -300 -300 -300 -300 -300]] 
Fitness: [12859 12860 12859 12858 12859 12860 12860 12860 12859 12860 12858 12859
 12860 12859 12861 12860 12860 12860 12859 12859] 
Iteration: 44 
Particle positions: [[-300 -300 -300 -300 -300 -300 -300 -300 -300 -300 -300 -300 -300 -300
  -300 -300 -300 -300 -300 -300]] 
Fitness: [12859 12859 12859 12860 12859 12859 12859 12860 12860 12859 12860 12859
 12860 12860 12859 12859 12860 12859 12859 12859] 
Iteration: 45 
Particle positions: [[-300 -300 -300 -300 -300 -300 -300 -300 -300 -300 -300 -300 -300 -300
  -300 -300 -300 -300 -300 -300]] 
Fitness: [12859 12859 12859 12858 12859 12860 12860 12860 12859 12859 12858 12859
 12860 12860 12858 12859 12859 12859 12859 12860] 
Iteration: 46 
Particle positions: [[-300 -300 -300 -300 -300 -300 -300 -300 -300 -300 -300 -300 -300 -300
  -300 -300 -300 -300 -300 -300]] 
Fitness: [12859 12860 12860 12859 12860 12859 12860 12860 12860 12859 12859 12859
 12859 12859 12859 12860 12860 12859 12859 12859] 
Iteration: 47 
Particle positions: [[-300 -300 -300 -300 -300 -300 -300 -300 -300 -300 -300 -300 -300 -300
  -300 -300 -300 -300 -300 -300]] 
Fitness: [12859 12860 12859 12859 12860 12859 12859 12859 12859 12859 12859 12859
 12859 12859 12859 12859 12859 12859 12859 12860] 
Iteration: 48 
Particle positions: [[-300 -300 -300 -300 -300 -300 -300 -300 -300 -300 -300 -300 -300 -300
  -300 -300 -300 -300 -300 -300]] 
Fitness: [12859 12860 12859 12859 12860 12859 12859 12859 12859 12860 12859 12860
 12859 12860 12859 12859 12859 12860 12860 12859] 
Iteration: 49 
Particle positions: [[-300 -300 -300 -300 -300 -300 -300 -300 -300 -300 -300 -300 -300 -300
  -300 -300 -300 -300 -300 -300]] 
Fitness: [12859 12860 12859 12859 12859 12859 12860 12859 12859 12859 12860 12860
 12860 12859 12860 12860 12860 12860 12859 12860] 
Object: 1 
Iteration: 0 
Particle positions: [[ -36  121  137 -233 -122  119 -171 -204 -159  172  159  -60   74 -167
  -141  119  284 -153  230  212]] 
Fitness: [10980  8435  8148 12912 12048  8472 12523 12747 12428  7523  7757 11259
  9250 12492 12230  8471  5735 12378  6520  6813] 
Iteration: 1 
Particle positions: [[-250 -300 -121 -233 -300 -300 -238 -251 -208 -240  -75 -300 -300 -247
  -286 -300  230 -205 -300 -300]] 
Fitness: [12991 13148     0 12913 13146 13147 12937 12995 12771 12947 11462 13148
 13146 12979 13131 13148  6520 12753 13148 13147] 
Iteration: 2 
Particle positions: [[-300 -300 -300 -300 -300 -300 -300 -300 -300 -300 -300 -300 -300 -300
  -300 -300  -63 -300 -300 -300]] 
Fitness: [13147 13148 13147 13148 13147 13147 13147 13147 13148 13147 13147 13148
 13147 13148 13147 13149 11300 13147 13147 13148] 
Iteration: 3 
Particle positions: [[-300 -300 -300 -300 -300 -300 -300 -300 -300 -300 -300 -300 -300 -300
  -300 -300 -300 -300 -300 -300]] 
Fitness: [13148 13148 13147 13147 13148 13148 13148 13148 13147 13148 13148 13147
 13147 13148 13148 13148 13148 13147 13147 13149] 
Iteration: 4 
Particle positions: [[-300 -300 -300 -300 -300 -300 -300 -300 -300 -300 -300 -300 -300 -300
  -300 -300 -300 -300 -300 -300]] 
Fitness: [13148 13148 13147 13148 13148 13148 13148 13148 13146 13149 13148 13148
 13148 13148 13148 13147 13147 13148 13147 13147] 
Iteration: 5 
Particle positions: [[-300 -300 -300 -300 -300 -300 -300 -300 -300 -300 -300 -300 -300 -300
  -300 -300 -300 -300 -300 -300]] 
Fitness: [13147 13147 13148 13148 13147 13148 13148 13146 13148 13148 13148 13147
 13146 13148 13147 13147 13147 13147 13147 13147] 
Iteration: 6 
Particle positions: [[-300 -300 -300 -300 -300 -300 -300 -300 -300 -300 -300 -300 -300 -300
  -300 -300 -300 -300 -300 -300]] 
Fitness: [13146 13147 13148 13148 13148 13148 13147 13147 13148 13147 13148 13148
 13148 13147 13148 13146 13147 13149 13147 13148] 
Iteration: 7 
Particle positions: [[-300 -300 -300 -300 -300 -300 -300 -300 -300 -300 -300 -300 -300 -300
  -300 -300 -300 -300 -300 -300]] 
Fitness: [13147 13149 13148 13147 13148 13149 13148 13148 13148 13148 13148 13148
 13148 13147 13148 13147 13147 13148 13148 13147] 
Iteration: 8 
Particle positions: [[-300 -300 -300 -300 -300 -300 -300 -300 -300 -300 -300 -300 -300 -300
  -300 -300 -300 -300 -300 -300]] 
Fitness: [13148 13147 13147 13147 13147 13148 13147 13148 13147 13148 13148 13148
 13148 13148 13147 13147 13148 13149 13147 13147] 
Iteration: 9 
Particle positions: [[-300 -300 -300 -300 -300 -300 -300 -300 -300 -300 -300 -300 -300 -300
  -300 -300 -300 -300 -300 -300]] 
Fitness: [13147 13147 13148 13149 13147 13148 13146 13148 13148 13148 13148 13147
 13147 13148 13148 13148 13148 13147 13147 13148] 
Iteration: 10 
Particle positions: [[-300 -300 -300 -300 -300 -300 -300 -300 -300 -300 -300 -300 -300 -300
  -300 -300 -300 -300 -300 -300]] 
Fitness: [13148 13147 13148 13147 13148 13148 13148 13147 13148 13148 13147 13148
 13148 13147 13148 13148 13147 13148 13147 13148] 
Iteration: 11 
Particle positions: [[-300 -300 -300 -300 -300 -300 -300 -300 -300 -300 -300 -300 -300 -300
  -300 -300 -300 -300 -300 -300]] 
Fitness: [13148 13147 13147 13148 13147 13148 13147 13148 13148 13148 13148 13148
 13147 13148 13148 13148 13148 13147 13148 13148] 
Iteration: 12 
Particle positions: [[-300 -300 -300 -300 -300 -300 -300 -300 -300 -300 -300 -300 -300 -300
  -300 -300 -300 -300 -300 -300]] 
Fitness: [13148 13149 13148 13148 13149 13147 13148 13148 13147 13148 13149 13149
 13148 13148 13147 13147 13146 13148 13148 13148] 
Iteration: 13 
Particle positions: [[-300 -300 -300 -300 -300 -300 -300 -300 -300 -300 -300 -300 -300 -300
  -300 -300 -300 -300 -300 -300]] 
Fitness: [13147 13146 13148 13149 13147 13147 13147 13148 13148 13148 13148 13147
 13148 13149 13148 13148 13147 13148 13148 13148] 
Iteration: 14 
Particle positions: [[-300 -300 -300 -300 -300 -300 -300 -300 -300 -300 -300 -300 -300 -300
  -300 -300 -300 -300 -300 -300]] 
Fitness: [13147 13147 13148 13148 13148 13148 13148 13147 13149 13148 13148 13148
 13147 13147 13147 13148 13147 13148 13149 13147] 
Iteration: 15 
Particle positions: [[-300 -300 -300 -300 -300 -300 -300 -300 -300 -300 -300 -300 -300 -300
  -300 -300 -300 -300 -300 -300]] 
Fitness: [13147 13148 13148 13148 13147 13148 13148 13148 13147 13148 13147 13148
 13147 13147 13148 13147 13147 13148 13148 13147] 
Iteration: 16 
Particle positions: [[-300 -300 -300 -300 -300 -300 -300 -300 -300 -300 -300 -300 -300 -300
  -300 -300 -300 -300 -300 -300]] 
Fitness: [13149 13147 13147 13149 13147 13148 13148 13147 13148 13148 13148 13148
 13147 13148 13148 13148 13148 13148 13148 13148] 
Iteration: 17 
Particle positions: [[-300 -300 -300 -300 -300 -300 -300 -300 -300 -300 -300 -300 -300 -300
  -300 -300 -300 -300 -300 -300]] 
Fitness: [13148 13147 13148 13147 13148 13147 13147 13147 13147 13147 13148 13149
 13148 13148 13147 13148 13148 13148 13148 13147] 
Iteration: 18 
Particle positions: [[-300 -300 -300 -300 -300 -300 -300 -300 -300 -300 -300 -300 -300 -300
  -300 -300 -300 -300 -300 -300]] 
Fitness: [13147 13146 13148 13147 13148 13148 13147 13148 13148 13147 13148 13147
 13148 13147 13149 13147 13148 13149 13148 13147] 
Iteration: 19 
Particle positions: [[-300 -300 -300 -300 -300 -300 -300 -300 -300 -300 -300 -300 -300 -300
  -300 -300 -300 -300 -300 -300]] 
Fitness: [13148 13147 13147 13147 13147 13148 13148 13147 13147 13146 13147 13148
 13147 13148 13147 13147 13148 13147 13148 13147] 
Iteration: 20 
Particle positions: [[-300 -300 -300 -300 -300 -300 -300 -300 -300 -300 -300 -300 -300 -300
  -300 -300 -300 -300 -300 -300]] 
Fitness: [13148 13149 13147 13148 13147 13148 13147 13148 13147 13148 13148 13148
 13147 13148 13147 13148 13148 13148 13147 13148] 
Iteration: 21 
Particle positions: [[-300 -300 -300 -300 -300 -300 -300 -300 -300 -300 -300 -300 -300 -300
  -300 -300 -300 -300 -300 -300]] 
Fitness: [13148 13148 13148 13147 13147 13148 13148 13147 13148 13147 13148 13148
 13148 13148 13148 13146 13148 13148 13148 13148] 
Iteration: 22 
Particle positions: [[-300 -300 -300 -300 -300 -300 -300 -300 -300 -300 -300 -300 -300 -300
  -300 -300 -300 -300 -300 -300]] 
Fitness: [13147 13147 13147 13148 13147 13147 13148 13147 13148 13148 13148 13147
 13147 13147 13147 13148 13147 13147 13147 13148] 
Iteration: 23 
Particle positions: [[-300 -300 -300 -300 -300 -300 -300 -300 -300 -300 -300 -300 -300 -300
  -300 -300 -300 -300 -300 -300]] 
Fitness: [13148 13147 13148 13147 13148 13147 13147 13149 13148 13148 13147 13147
 13147 13148 13148 13148 13148 13148 13148 13148] 
Iteration: 24 
Particle positions: [[-300 -300 -300 -300 -300 -300 -300 -300 -300 -300 -300 -300 -300 -300
  -300 -300 -300 -300 -300 -300]] 
Fitness: [13148 13148 13148 13147 13147 13147 13148 13147 13148 13147 13147 13147
 13148 13148 13147 13149 13148 13147 13148 13148] 
Iteration: 25 
Particle positions: [[-300 -300 -300 -300 -300 -300 -300 -300 -300 -300 -300 -300 -300 -300
  -300 -300 -300 -300 -300 -300]] 
Fitness: [13147 13147 13147 13147 13148 13148 13149 13147 13148 13148 13146 13147
 13146 13147 13148 13148 13147 13147 13148 13147] 
Iteration: 26 
Particle positions: [[-300 -300 -300 -300 -300 -300 -300 -300 -300 -300 -300 -300 -300 -300
  -300 -300 -300 -300 -300 -300]] 
Fitness: [13148 13148 13148 13148 13147 13147 13147 13148 13148 13148 13146 13148
 13147 13147 13147 13147 13148 13147 13148 13148] 
Iteration: 27 
Particle positions: [[-300 -300 -300 -300 -300 -300 -300 -300 -300 -300 -300 -300 -300 -300
  -300 -300 -300 -300 -300 -300]] 
Fitness: [13148 13148 13147 13147 13148 13148 13148 13149 13149 13148 13147 13148
 13148 13148 13148 13147 13147 13147 13148 13147] 
Iteration: 28 
Particle positions: [[-300 -300 -300 -300 -300 -300 -300 -300 -300 -300 -300 -300 -300 -300
  -300 -300 -300 -300 -300 -300]] 
Fitness: [13147 13148 13148 13147 13148 13147 13147 13147 13147 13148 13147 13147
 13147 13148 13146 13147 13147 13147 13147 13148] 
Iteration: 29 
Particle positions: [[-300 -300 -300 -300 -300 -300 -300 -300 -300 -300 -300 -300 -300 -300
  -300 -300 -300 -300 -300 -300]] 
Fitness: [13148 13148 13147 13148 13148 13148 13147 13146 13148 13148 13147 13147
 13148 13148 13147 13147 13147 13148 13148 13148] 
Iteration: 30 
Particle positions: [[-300 -300 -300 -300 -300 -300 -300 -300 -300 -300 -300 -300 -300 -300
  -300 -300 -300 -300 -300 -300]] 
Fitness: [13147 13148 13148 13148 13147 13147 13147 13147 13148 13147 13147 13148
 13147 13147 13148 13148 13148 13147 13147 13147] 
Iteration: 31 
Particle positions: [[-300 -300 -300 -300 -300 -300 -300 -300 -300 -300 -300 -300 -300 -300
  -300 -300 -300 -300 -300 -300]] 
Fitness: [13148 13148 13148 13148 13147 13148 13147 13147 13148 13147 13147 13148
 13148 13148 13147 13147 13148 13147 13148 13149] 
Iteration: 32 
Particle positions: [[-300 -300 -300 -300 -300 -300 -300 -300 -300 -300 -300 -300 -300 -300
  -300 -300 -300 -300 -300 -300]] 
Fitness: [13148 13148 13148 13148 13147 13147 13148 13148 13147 13147 13147 13147
 13148 13148 13147 13148 13148 13147 13147 13148] 
Iteration: 33 
Particle positions: [[-300 -300 -300 -300 -300 -300 -300 -300 -300 -300 -300 -300 -300 -300
  -300 -300 -300 -300 -300 -300]] 
Fitness: [13147 13148 13148 13148 13147 13148 13147 13146 13148 13147 13148 13147
 13147 13148 13147 13147 13147 13148 13147 13147] 
Iteration: 34 
Particle positions: [[-300 -300 -300 -300 -300 -300 -300 -300 -300 -300 -300 -300 -300 -300
  -300 -300 -300 -300 -300 -300]] 
Fitness: [13147 13147 13148 13147 13147 13148 13147 13148 13148 13148 13148 13147
 13147 13147 13147 13147 13148 13147 13148 13148] 
Iteration: 35 
Particle positions: [[-300 -300 -300 -300 -300 -300 -300 -300 -300 -300 -300 -300 -300 -300
  -300 -300 -300 -300 -300 -300]] 
Fitness: [13147 13148 13148 13148 13147 13147 13147 13148 13147 13147 13147 13147
 13148 13147 13146 13148 13147 13149 13148 13147] 
Iteration: 36 
Particle positions: [[-300 -300 -300 -300 -300 -300 -300 -300 -300 -300 -300 -300 -300 -300
  -300 -300 -300 -300 -300 -300]] 
Fitness: [13148 13148 13148 13148 13147 13147 13147 13147 13147 13147 13147 13147
 13147 13148 13147 13148 13147 13148 13147 13147] 
Iteration: 37 
Particle positions: [[-300 -300 -300 -300 -300 -300 -300 -300 -300 -300 -300 -300 -300 -300
  -300 -300 -300 -300 -300 -300]] 
Fitness: [13148 13147 13147 13147 13146 13147 13148 13147 13148 13148 13147 13148
 13147 13147 13148 13147 13148 13147 13147 13146] 
Iteration: 38 
Particle positions: [[-300 -300 -300 -300 -300 -300 -300 -300 -300 -300 -300 -300 -300 -300
  -300 -300 -300 -300 -300 -300]] 
Fitness: [13148 13147 13147 13147 13148 13147 13149 13147 13148 13148 13149 13147
 13147 13147 13147 13147 13146 13148 13147 13148] 
Iteration: 39 
Particle positions: [[-300 -300 -300 -300 -300 -300 -300 -300 -300 -300 -300 -300 -300 -300
  -300 -300 -300 -300 -300 -300]] 
Fitness: [13148 13148 13147 13146 13148 13147 13148 13147 13147 13147 13147 13147
 13147 13147 13147 13148 13147 13147 13147 13147] 
Iteration: 40 
Particle positions: [[-300 -300 -300 -300 -300 -300 -300 -300 -300 -300 -300 -300 -300 -300
  -300 -300 -300 -300 -300 -300]] 
Fitness: [13148 13147 13147 13149 13147 13147 13147 13147 13147 13149 13148 13148
 13147 13147 13146 13147 13147 13148 13147 13147] 
Iteration: 41 
Particle positions: [[-300 -300 -300 -300 -300 -300 -300 -300 -300 -300 -300 -300 -300 -300
  -300 -300 -300 -300 -300 -300]] 
Fitness: [13147 13148 13149 13149 13147 13148 13148 13148 13147 13147 13147 13147
 13148 13147 13148 13148 13148 13148 13147 13147] 
Iteration: 42 
Particle positions: [[-300 -300 -300 -300 -300 -300 -300 -300 -300 -300 -300 -300 -300 -300
  -300 -300 -300 -300 -300 -300]] 
Fitness: [13148 13148 13147 13148 13148 13147 13147 13148 13148 13147 13147 13148
 13148 13148 13149 13148 13147 13147 13148 13149] 
Iteration: 43 
Particle positions: [[-300 -300 -300 -300 -300 -300 -300 -300 -300 -300 -300 -300 -300 -300
  -300 -300 -300 -300 -300 -300]] 
Fitness: [13148 13148 13148 13148 13149 13147 13147 13148 13148 13148 13148 13147
 13147 13148 13148 13148 13147 13148 13148 13148] 
Iteration: 44 
Particle positions: [[-300 -300 -300 -300 -300 -300 -300 -300 -300 -300 -300 -300 -300 -300
  -300 -300 -300 -300 -300 -300]] 
Fitness: [13148 13148 13148 13147 13148 13148 13147 13147 13147 13148 13148 13147
 13148 13148 13147 13148 13148 13148 13148 13148] 
Iteration: 45 
Particle positions: [[-300 -300 -300 -300 -300 -300 -300 -300 -300 -300 -300 -300 -300 -300
  -300 -300 -300 -300 -300 -300]] 
Fitness: [13148 13148 13146 13148 13148 13147 13147 13147 13146 13148 13148 13147
 13147 13147 13147 13148 13147 13147 13148 13147] 
Iteration: 46 
Particle positions: [[-300 -300 -300 -300 -300 -300 -300 -300 -300 -300 -300 -300 -300 -300
  -300 -300 -300 -300 -300 -300]] 
Fitness: [13148 13148 13148 13149 13148 13148 13147 13148 13148 13148 13147 13148
 13148 13148 13147 13148 13148 13148 13147 13148] 
Iteration: 47 
Particle positions: [[-300 -300 -300 -300 -300 -300 -300 -300 -300 -300 -300 -300 -300 -300
  -300 -300 -300 -300 -300 -300]] 
Fitness: [13148 13148 13147 13148 13148 13147 13147 13148 13148 13147 13147 13148
 13149 13148 13148 13147 13147 13148 13147 13147] 
Iteration: 48 
Particle positions: [[-300 -300 -300 -300 -300 -300 -300 -300 -300 -300 -300 -300 -300 -300
  -300 -300 -300 -300 -300 -300]] 
Fitness: [13149 13148 13147 13148 13147 13148 13148 13148 13147 13147 13147 13148
 13148 13148 13148 13148 13149 13147 13147 13148] 
Iteration: 49 
Particle positions: [[-300 -300 -300 -300 -300 -300 -300 -300 -300 -300 -300 -300 -300 -300
  -300 -300 -300 -300 -300 -300]] 
Fitness: [13148 13147 13147 13147 13148 13148 13149 13148 13147 13147 13148 13148
 13147 13148 13147 13147 13147 13148 13148 13148] 
Object: 2 
Iteration: 0 
Particle positions: [[-280   20  236  182 -160   96  164 -133 -152 -217    6   66  150   33
  -158 -296  169  127   70 -268]] 
Fitness: [13100 10639  6824  7814 12732  9381  8149 12532 12677 13032 10854  9893
  8408 10434 12719 13051  8055  8824  9826 13083] 
Iteration: 1 
Particle positions: [[-281 -300  189   31 -174 -300 -300 -248 -183 -294 -127 -300 -281 -300
  -169 -293  -95  -90   36 -271]] 
Fitness: [13097 13034  7686 10467 12854 13034 13033 13087 12902 13057 12481 13034
 13097 13035 12826 13063 12145 12087 10386 13081] 
Iteration: 2 
Particle positions: [[-281 -300   59 -136 -235 -300 -300 -300 -300 -300 -300 -300 -300 -300
  -198 -286 -300 -300  -16 -286]] 
Fitness: [13097 13034 10009 12555 13069 13034 13035 13035 13034 13034 13034 13033
 13034 13035 12969 13085 13035 13034 11125 13084] 
Iteration: 3 
Particle positions: [[-280 -300 -300 -300 -300 -300 -300 -300 -300 -300 -300 -300 -300 -300
  -300 -270 -300 -300 -300 -295]] 
Fitness: [13100 13034 13033 13034 13034 13034 13034 13033 13034 13033 13033 13035
 13034 13032 13033 13083 13035 13033 13035 13054] 
Iteration: 4 
Particle positions: [[-281 -300 -300 -300 -300 -300 -300 -211 -300 -293 -300 -300 -300 -300
  -300 -261 -300 -300 -300 -284]] 
Fitness: [13097 13034 13034 13034 13035 13034 13035 13013 13034 13061 13034 13034
 13034 13033 13033 13090 13035 13034 13034 13090] 
Iteration: 5 
Particle positions: [[-282 -300 -300 -300 -294 -300 -300 -261 -300 -287 -300 -300 -300 -300
  -300 -257 -300 -300 -300 -271]] 
Fitness: [13095 13034 13034 13035 13058 13034 13034 13090 13034 13082 13033 13033
 13034 13034 13032 13091 13034 13034 13034 13081] 
Iteration: 6 
Particle positions: [[-280 -300 -300 -300 -241 -300 -300 -300 -300 -277 -300 -300 -300 -300
  -300 -257 -300 -300 -300 -266]] 
Fitness: [13100 13033 13034 13033 13080 13034 13034 13034 13035 13105 13034 13033
 13034 13033 13034 13090 13035 13033 13034 13086] 
Iteration: 7 
Particle positions: [[-277 -300 -300 -300 -258 -300 -300 -300 -300 -269 -300 -300 -300 -300
  -291 -264 -300 -300 -300 -283]] 
Fitness: [13105 13033 13034 13035 13091 13034 13035 13035 13034 13084 13034 13033
 13033 13034 13070 13087 13034 13034 13033 13092] 
Iteration: 8 
Particle positions: [[-275 -300 -300 -300 -288 -300 -300 -270 -272 -281 -300 -300 -257 -300
  -278 -267 -300 -300 -300 -297]] 
Fitness: [13110 13033 13033 13034 13079 13033 13033 13083 13113 13097 13033 13035
 13090 13034 13434 13085 13035 13034 13035 13047] 
Iteration: 9 
Particle positions: [[-279 -300 -300 -300 -254 -300 -300 -250 -251 -279 -298 -300 -239 -300
  -267 -267 -300 -292 -300 -269]] 
Fitness: [13102 13035 13035 13033 13090 13033 13034 13089 13090 13102 13043 13034
 13077 13034 13085 13087 13034 13067 13034 13082] 
Iteration: 10 
Particle positions: [[-281 -300 -300 -276 -280 -300 -300 -242 -278 -273 -256 -300 -300 -300
  -266 -282 -300 -265 -300 -257]] 
Fitness: [13097 13034 13034 13107 13099 13034 13034 13080 13439 13112 13090 13034
 13034 13034 13086 13094 13032 13088 13035 13091] 
Iteration: 11 
Particle positions: [[-282 -277 -300 -257 -296 -300 -287 -300 -300 -273 -248 -300 -300 -300
  -296 -291 -282 -259 -300 -293]] 
Fitness: [13094 13105 13034 13091 13052 13032 13082 13034 13034 13112 13087 13033
 13033 13034 13050 13068 13095 13090 13033 13063] 
Iteration: 12 
Particle positions: [[-274 -260 -294 -297 -290 -300 -267 -288 -270 -275 -288 -300 -268 -300
  -277 -284 -260 -283 -296 -300]] 
Fitness: [13111 13090 13057 13047 13073 13034 13087 13079 13084 13109 13079 13033
 13085 13034 13105 13090 13091 13093 13051 13033] 
Iteration: 13 
Particle positions: [[-269 -285 -280 -282 -271 -262 -269 -269 -270 -282 -293 -293 -286 -292
  -264 -267 -290 -299 -272 -256]] 
Fitness: [13085 13088 13099 13096 13081 13088 13083 13084 13083 13095 13061 13062
 13085 13067 13088 13084 13073 13038 13114 13090] 
Iteration: 14 
Particle positions: [[-280 -278 -265 -259 -263 -241 -279 -256 -289 -275 -213 -260 -289 -262
  -293 -286 -278 -289 -261 -251]] 
Fitness: [13099 13449 13087 13091 13089 13079 13102 13090 13077 13110 13020 13089
 13075 13089 13064 13084 13451 13076 13089 13090] 
Iteration: 15 
Particle positions: [[-282 -272 -290 -278 -269 -288 -285 -290 -277 -273 -249 -252 -262 -246
  -300 -298 -269 -260 -274 -300]] 
Fitness: [13095 13113 13072     0 13083 13078 13087 13073 13105 13113 13088 13090
 13089 13085 13034 13042 13083 13090 13110 13034] 
Iteration: 16 
Particle positions: [[-273 -288 -278 -288 -287 -300 -273 -246 -269 -281 -280 -281 -252 -259
  -241 -287 -275 -268 -285 -300]] 
Fitness: [13112 13079 13103 13078 13083 13035 13111 13085 13083 13098 13099 13098
 13089 13089 13079 13082 13110 13084 13087 13034] 
Iteration: 17 
Particle positions: [[-269 -294 -269 -290 -290 -235 -266 -253 -280 -275 -300 -298 -277 -298
  -269 -260 -284 -300 -278 -267]] 
Fitness: [13082 13058 13083 13074 13073 13069 13087 13090 13100 13109 13034 13043
 13105 13044 13083 13089 13090 13034 13461 13085] 
Iteration: 18 
Particle positions: [[-279 -248 -278 -272 -269 -270 -273 -300 -285 -271 -273 -266 -297 -260
  -300 -264 -286 -300 -273 -273]] 
Fitness: [13102 13087 13462 13114 13082 13082 13113 13033 13088 13080 13114 13087
 13048 13089 13034 13088 13084 13033 13113 13111] 
Iteration: 19 
Particle positions: [[-276 -282 -284 -264 -286 -289 -281 -300 -271 -284 -260 -277 -260 -255
  -300 -282 -279 -258 -271 -286]] 
Fitness: [13107 13095 13090 13088 13085 13076 13097 13034 13082 13090 13090 13105
 13090 13091 13034 13095 13102 13090 13081 13084] 
Iteration: 20 
Particle positions: [[-273 -299 -280 -279 -284 -269 -277 -262 -270 -277 -292 -286 -256 -295
  -261 -294 -273 -300 -289 -274]] 
Fitness: [13113 13038 13100 13102 13090 13084 13106 13089 13083 13107 13066 13084
 13091 13054 13091 13058 13112 13034 13075 13110] 
Iteration: 21 
Particle positions: [[-277 -249 -273 -280 -272 -261 -273 -262 -292 -271 -276 -265 -300 -260
  -281 -277 -278 -300 -280 -268]] 
Fitness: [13106 13088 13113 13099 13113 13090 13113 13089 13066 13082 13108 13087
 13034 13091 13098 13106 13472 13034 13101 13082] 
Iteration: 22 
Particle positions: [[-277 -258 -269 -277 -269 -256 -273 -280 -282 -280 -264 -285 -299 -240
  -292 -265 -281 -269 -272 -277]] 
Fitness: [13105 13089 13083 13105 13083 13091 13112 13099 13096 13099 13087 13087
 13039 13076 13066 13086 13098 13084 13113 13106] 
Iteration: 23 
Particle positions: [[-271 -300 -281 -276 -279 -291 -273 -290 -266 -274 -270 -292 -264 -300
  -252 -267 -277 -266 -273 -278]] 
Fitness: [13082 13033 13097 13107 13102 13070 13113 13071 13086 13111 13082 13065
 13088 13035 13089 13084 13105 13084 13112 13480] 
Iteration: 24 
Particle positions: [[-276 -284 -283 -274 -279 -265 -275 -285 -262 -270 -287 -272 -288 -295
  -280 -286 -275 -300 -279 -279]] 
Fitness: [13107 13090 13092 13111 13101 13088 13110 13088 13089 13082 13082 13113
 13078 13055 13099 13084 13109 13034 13101 13102] 
Iteration: 25 
Particle positions: [[-278 -250 -276 -277 -272 -249 -274 -263 -287 -286 -288 -260 -297 -276
  -295 -276 -279 -297 -281 -276]] 
Fitness: [13483 13089 13107 13106 13113 13088 13110 13089 13082 13084 13078 13089
 13047 13107 13055 13107 13101 13047 13097 13107] 
Iteration: 26 
Particle positions: [[-279 -294 -275 -280 -273 -276 -278 -262 -291 -274 -274 -290 -270 -266
  -289 -273 -279 -263 -277 -279]] 
Fitness: [13101 13058 13109 13098 13112 13108 13488 13089 13069 13111 13112 13072
 13082 13087 13075 13113 13101 13088 13105 13102] 
Iteration: 27 
Particle positions: [[-278 -300 -285 -271 -276 -297 -280 -300 -262 -269 -264 -270 -274 -290
  -271 -274 -276 -271 -277 -277]] 
Fitness: [13489 13033 13088 13081 13107 13047 13099 13035 13089 13082 13088 13083
 13109 13073 13081 13111 13108 13082 13105 13105] 
Iteration: 28 
Particle positions: [[-277 -258 -275 -279 -274 -273 -278 -300 -273 -281 -283 -273 -280 -278
  -272 -278 -276 -298 -279 -277]] 
Fitness: [13105 13091 13110     0 13111 13113 13104 13035 13113 13097 13092 13113
 13099 13103 13113     0 13109 13043 13101 13106] 
Iteration: 29 
Particle positions: [[-279 -294 -274 -280 -277 -265 -277 -271 -281 -286 -273 -280 -270 -266
  -282 -273 -278 -264 -279 -278]] 
Fitness: [13101 13058 13111 13099 13106 13087 13106 13082 13097 13085 13112 13099
 13082 13087 13095 13112 13497 13089 13100 13103] 
Iteration: 30 
Particle positions: [[-278 -261 -283 -275 -271 -269 -276 -261 -281 -284 -269 -275 -273 -278
  -279 -277 -279 -259 -277 -279]] 
Fitness: [13496 13090 13093 13109 13081 13085 13108 13090 13098 13090 13085 13108
 13113 13499 13101 13106 13101 13091 13105 13101] 
Iteration: 31 
Particle positions: [[-277 -300 -275 -270 -281 -288 -279 -300 -274 -269 -282 -273 -283 -285
  -274 -274 -277 -273 -277 -277]] 
Fitness: [13106 13035 13108 13082 13097 13079 13102 13035 13110 13083 13094 13112
 13092 13086 13110 13111 13106 13113 13105 13106] 
Iteration: 32 
Particle positions: [[-278 -297 -279 -271 -272 -269 -278 -290 -282 -280 -274 -279 -271 -270
  -278 -272 -278 -282 -280 -277]] 
Fitness: [    0 13047 13101 13081 13112 13083 13505 13072 13095 13100 13110 13101
 13081 13082 13103 13113 13506 13095 13099 13105] 
Iteration: 33 
Particle positions: [[-278 -240 -280 -281 -270 -272 -277 -250 -282 -284 -271 -276 -273 -281
  -280 -274 -279 -278 -275 -279]] 
Fitness: [13507 13076 13099 13096 13081 13114 13105 13087 13094 13090 13082 13107
 13112 13097 13099 13110 13101 13509 13109 13102] 
Iteration: 34 
Particle positions: [[-278 -261 -276 -268 -273 -274 -278 -263 -274 -267 -271 -274 -279 -282
  -276 -275 -278 -276 -281 -277]] 
Fitness: [13510 13089 13108 13084 13111 13110     0 13089 13110 13086 13080 13110
 13102 13095 13106 13108 13513 13107 13096 13104] 
Iteration: 35 
Particle positions: [[-278 -300 -281 -266 -275 -277 -278 -300 -277 -267 -288 -274 -272 -273
  -277 -276 -277 -281 -276 -276]] 
Fitness: [13512 13034 13096 13086 13108 13105 13513 13035 13106 13085 13080 13110
 13114 13111 13105 13107 13105 13097 13107 13108] 
Iteration: 36 
Particle positions: [[-278 -295 -275 -292 -275 -278 -278 -291 -280 -280 -287 -279 -272 -274
  -278 -276 -280 -280 -279 -283]] 
Fitness: [13516 13054 13109 13067 13108 13518 13517 13069 13099 13099 13083 13102
 13114 13110 13519 13107 13099 13098 13102 13093] 
Iteration: 37 
Particle positions: [[-278 -271 -275 -270 -280 -279 -278 -254 -277 -273 -257 -277 -278 -286
  -279 -274 -275 -279 -278 -274]] 
Fitness: [13519 13081 13109 13081 13099     0     0 13090 13105 13111 13089 13105
     0 13084 13101 13111 13108 13101 13104 13110] 
Iteration: 38 
Particle positions: [[-278 -273 -279 -267 -270 -275 -278 -255 -275 -272 -272 -268 -276 -279
  -277 -279 -280 -276 -277 -276]] 
Fitness: [13521 13112 13102 13085 13081 13108 13522 13090 13109 13114 13114 13084
 13107 13102 13106 13100 13100 13106 13106 13107] 
Iteration: 39 
Particle positions: [[-278 -285 -279 -281 -274 -274 -278 -298 -277 -280 -280 -271 -273 -272
  -278 -279 -278 -278 -278 -281]] 
Fitness: [    0 13087 13101 13097 13110 13110 13104 13043 13105 13099 13099 13080
 13114 13113 13528 13101     0 13104 13528 13098] 
Iteration: 40 
Particle positions: [[-278 -283 -277 -274 -275 -288 -278 -300 -279 -272 -281 -278 -272 -283
  -278 -271 -277 -279 -278 -277]] 
Fitness: [13528 13094 13106 13110 13109 13079     0 13034 13103 13112 13096 13530
 13112 13093 13104 13081 13105 13102 13532 13105] 
Iteration: 41 
Particle positions: [[-278 -272 -278 -274 -278 -273 -278 -238 -277 -276 -277 -281 -278 -279
  -278 -281 -278 -277 -278 -275]] 
Fitness: [13530 13113 13532 13110 13104 13112 13532 13076 13105 13108 13105 13097
 13532 13101 13533 13097     0 13106 13105 13109] 
Iteration: 42 
Particle positions: [[-278 -279 -278 -276 -274 -274 -278 -272 -278 -278 -272 -272 -281 -275
  -278 -274 -278 -279 -278 -281]] 
Fitness: [13534 13101     0 13105 13110 13110     0 13114 13534 13535 13112 13112
 13098 13109     0 13111 13536 13101     0 13097] 
Iteration: 43 
Particle positions: [[-278 -282 -278 -275 -271 -285 -278 -296 -278 -279 -276 -275 -276 -284
  -278 -272 -278 -278 -278 -277]] 
Fitness: [13103 13095 13537 13108 13082 13087     0 13051 13104 13100 13107 13109
 13107 13089 13538 13115 13540 13539     0 13105] 
Iteration: 44 
Particle positions: [[-278 -276 -278 -274 -278 -268 -278 -242 -278 -277 -275 -284 -280 -274
  -278 -274 -278 -277 -278 -277]] 
Fitness: [13104 13107 13539 13111 13539 13084 13540 13081 13540 13105 13109 13091
 13099 13111 13541 13110 13541 13105 13541 13106] 
Iteration: 45 
Particle positions: [[-278 -275 -278 -276 -281 -282 -278 -274 -278 -279 -277 -274 -280 -279
  -278 -280 -278 -278 -278 -277]] 
Fitness: [13541 13108     0 13107 13095 13095 13542 13110 13543 13101 13106 13110
 13099 13102 13104 13100 13543     0 13543 13105] 
Iteration: 46 
Particle positions: [[-278 -280 -278 -271 -274 -284 -278 -290 -278 -278 -271 -280 -274 -279
  -278 -264 -278 -278 -278 -279]] 
Fitness: [13103 13099     0 13080 13111 13089 13104 13074 13545 13546 13080 13099
 13111     0 13547 13088 13103 13546 13546 13101] 
Iteration: 47 
Particle positions: [[-278 -277 -278 -283 -274 -263 -278 -285 -278 -277 -273 -276 -285 -278
  -278 -268 -278 -278 -278 -276]] 
Fitness: [13548 13105 13547 13092 13109 13089     0 13087 13549 13106 13112 13107
 13087 13104 13549 13083 13550 13550 13552 13108] 
Iteration: 48 
Particle positions: [[-278 -276 -278 -275 -284 -272 -278 -250 -278 -279 -277 -281 -281 -277
  -278 -281 -278 -278 -278 -280]] 
Fitness: [13550 13107 13550 13109 13090 13113 13104 13089 13552 13102 13105 13098
 13096 13106 13553 13096     0     0 13553 13099] 
Iteration: 49 
Particle positions: [[-278 -278 -278 -272 -276 -290 -278 -238 -278 -278 -272 -273 -271 -278
  -278 -269 -278 -278 -278 -277]] 
Fitness: [13553 13104 13555 13113 13107 13073     0 13075     0 13556 13113 13112
 13082 13103 13104 13083 13555 13556 13556 13105] 
place side object: 1 
Object: 0 
Iteration: 0 
Particle positions: [[ -89  128 -289  287  224  221 -284  121  219  253  -69  -38  -14  197
  -249 -107   74   80  198 -155]] 
Fitness: [11563  8777 12747  6503  7405  7448 12740  8876  7475  6990 11384 11063
 10761  7797 12609 11714  9556  9469  7783 12130] 
Iteration: 1 
Particle positions: [[-140 -300 -289 -300 -300 -300 -286 -300 -105 -244 -273 -228 -151 -300
  -278 -300 -300 -300 -300 -300]] 
Fitness: [11980 12761 12747 12761 12760 12761 12742 12761 11696 12591 12716 12526
 12102 12761 12727 12761 12761 12761 12761 12761] 
Iteration: 2 
Particle positions: [[-221 -300 -300 -300 -300 -300 -300 -300 -300 -300 -300 -300 -300 -300
  -300 -300 -300 -300 -300 -300]] 
Fitness: [12494 12761 12762 12761 12761 12762 12760 12761 12761 12761 12761 12761
 12761 12761 12762 12761 12761 12762 12762 12761] 
Iteration: 3 
Particle positions: [[-300 -300 -300 -300 -300 -300 -300 -300 -300 -300 -300 -300 -300 -300
  -300 -300 -300 -300 -300 -300]] 
Fitness: [12762 12762 12761 12762 12760 12760 12761 12761 12761 12761 12761 12761
 12761 12762 12762 12761 12760 12761 12761 12761] 
Iteration: 4 
Particle positions: [[-300 -300 -300 -300 -300 -300 -300 -300 -300 -300 -300 -300 -300 -300
  -300 -300 -300 -300 -300 -300]] 
Fitness: [12761 12762 12761 12761 12761 12761 12761 12762 12761 12762 12761 12761
 12761 12761 12761 12761 12761 12761 12762 12761] 
Iteration: 5 
Particle positions: [[-300 -300 -300 -300 -300 -300 -300 -300 -300 -300 -300 -300 -300 -300
  -300 -300 -300 -300 -300 -300]] 
Fitness: [12761 12762 12761 12762 12761 12762 12761 12761 12762 12761 12760 12761
 12762 12761 12762 12761 12761 12761 12761 12761] 
Iteration: 6 
Particle positions: [[-300 -300 -300 -300 -300 -300 -300 -300 -300 -300 -300 -300 -300 -300
  -300 -300 -300 -300 -300 -300]] 
Fitness: [12760 12761 12760 12761 12762 12762 12761 12761 12761 12761 12761 12761
 12761 12761 12761 12761 12761 12760 12761 12762] 
Iteration: 7 
Particle positions: [[-300 -300 -300 -300 -300 -300 -300 -300 -300 -300 -300 -300 -300 -300
  -300 -300 -300 -300 -300 -300]] 
Fitness: [12761 12761 12761 12761 12761 12761 12761 12762 12761 12761 12761 12761
 12761 12761 12761 12762 12762 12761 12761 12761] 
Iteration: 8 
Particle positions: [[-300 -300 -300 -300 -300 -300 -300 -300 -300 -300 -300 -300 -300 -300
  -300 -300 -300 -300 -300 -300]] 
Fitness: [12761 12761 12761 12761 12761 12761 12762 12761 12761 12761 12762 12761
 12761 12761 12760 12761 12761 12761 12761 12761] 
Iteration: 9 
Particle positions: [[-300 -300 -300 -300 -300 -300 -300 -300 -300 -300 -300 -300 -300 -300
  -300 -300 -300 -300 -300 -300]] 
Fitness: [12761 12761 12761 12761 12760 12761 12761 12762 12761 12761 12761 12761
 12760 12761 12762 12762 12761 12761 12760 12762] 
Iteration: 10 
Particle positions: [[-300 -300 -300 -300 -300 -300 -300 -300 -300 -300 -300 -300 -300 -300
  -300 -300 -300 -300 -300 -300]] 
Fitness: [12760 12761 12761 12761 12761 12762 12762 12762 12761 12761 12761 12760
 12760 12762 12761 12761 12761 12762 12761 12762] 
Iteration: 11 
Particle positions: [[-300 -300 -300 -300 -300 -300 -300 -300 -300 -300 -300 -300 -300 -300
  -300 -300 -300 -300 -300 -300]] 
Fitness: [12761 12762 12761 12761 12762 12760 12761 12761 12760 12761 12761 12762
 12761 12761 12761 12761 12761 12761 12761 12761] 
Iteration: 12 
Particle positions: [[-300 -300 -300 -300 -300 -300 -300 -300 -300 -300 -300 -300 -300 -300
  -300 -300 -300 -300 -300 -300]] 
Fitness: [12761 12762 12761 12761 12761 12761 12761 12762 12762 12761 12761 12761
 12761 12761 12761 12761 12760 12761 12762 12762] 
Iteration: 13 
Particle positions: [[-300 -300 -300 -300 -300 -300 -300 -300 -300 -300 -300 -300 -300 -300
  -300 -300 -300 -300 -300 -300]] 
Fitness: [12761 12760 12761 12761 12762 12761 12761 12762 12762 12760 12761 12761
 12761 12760 12763 12761 12761 12761 12761 12760] 
Iteration: 14 
Particle positions: [[-300 -300 -300 -300 -300 -300 -300 -300 -300 -300 -300 -300 -300 -300
  -300 -300 -300 -300 -300 -300]] 
Fitness: [12761 12761 12761 12761 12761 12761 12761 12761 12761 12761 12760 12761
 12760 12761 12761 12761 12762 12760 12761 12762] 
Iteration: 15 
Particle positions: [[-300 -300 -300 -300 -300 -300 -300 -300 -300 -300 -300 -300 -300 -300
  -300 -300 -300 -300 -300 -300]] 
Fitness: [12761 12761 12761 12760 12761 12761 12760 12761 12761 12761 12762 12761
 12761 12761 12761 12762 12761 12762 12761 12761] 
Iteration: 16 
Particle positions: [[-300 -300 -300 -300 -300 -300 -300 -300 -300 -300 -300 -300 -300 -300
  -300 -300 -300 -300 -300 -300]] 
Fitness: [12761 12761 12761 12760 12761 12761 12761 12761 12761 12761 12761 12761
 12761 12761 12762 12761 12761 12760 12761 12761] 
Iteration: 17 
Particle positions: [[-300 -300 -300 -300 -300 -300 -300 -300 -300 -300 -300 -300 -300 -300
  -300 -300 -300 -300 -300 -300]] 
Fitness: [12761 12760 12762 12761 12761 12761 12762 12761 12761 12761 12761 12762
 12761 12760 12762 12761 12761 12761 12762 12762] 
Iteration: 18 
Particle positions: [[-300 -300 -300 -300 -300 -300 -300 -300 -300 -300 -300 -300 -300 -300
  -300 -300 -300 -300 -300 -300]] 
Fitness: [12761 12761 12761 12761 12761 12761 12761 12761 12761 12762 12761 12760
 12761 12760 12761 12761 12760 12762 12761 12761] 
Iteration: 19 
Particle positions: [[-300 -300 -300 -300 -300 -300 -300 -300 -300 -300 -300 -300 -300 -300
  -300 -300 -300 -300 -300 -300]] 
Fitness: [12761 12761 12761 12760 12761 12762 12762 12762 12760 12760 12761 12761
 12760 12761 12761 12761 12761 12761 12761 12761] 
Iteration: 20 
Particle positions: [[-300 -300 -300 -300 -300 -300 -300 -300 -300 -300 -300 -300 -300 -300
  -300 -300 -300 -300 -300 -300]] 
Fitness: [12761 12761 12761 12761 12761 12761 12761 12761 12760 12761 12761 12761
 12761 12761 12761 12761 12761 12760 12760 12761] 
Iteration: 21 
Particle positions: [[-300 -300 -300 -300 -300 -300 -300 -300 -300 -300 -300 -300 -300 -300
  -300 -300 -300 -300 -300 -300]] 
Fitness: [12761 12761 12761 12761 12761 12762 12761 12760 12761 12761 12761 12761
 12761 12761 12761 12761 12761 12761 12762 12761] 
Iteration: 22 
Particle positions: [[-300 -300 -300 -300 -300 -300 -300 -300 -300 -300 -300 -300 -300 -300
  -300 -300 -300 -300 -300 -300]] 
Fitness: [12761 12761 12761 12761 12761 12761 12760 12762 12760 12762 12761 12761
 12761 12760 12761 12761 12761 12761 12761 12761] 
Iteration: 23 
Particle positions: [[-300 -300 -300 -300 -300 -300 -300 -300 -300 -300 -300 -300 -300 -300
  -300 -300 -300 -300 -300 -300]] 
Fitness: [12761 12761 12762 12761 12761 12761 12761 12761 12761 12761 12761 12761
 12761 12761 12760 12760 12761 12761 12761 12760] 
Iteration: 24 
Particle positions: [[-300 -300 -300 -300 -300 -300 -300 -300 -300 -300 -300 -300 -300 -300
  -300 -300 -300 -300 -300 -300]] 
Fitness: [12761 12761 12760 12761 12761 12761 12761 12762 12762 12761 12762 12761
 12761 12761 12762 12761 12761 12760 12761 12761] 
Iteration: 25 
Particle positions: [[-300 -300 -300 -300 -300 -300 -300 -300 -300 -300 -300 -300 -300 -300
  -300 -300 -300 -300 -300 -300]] 
Fitness: [12762 12762 12762 12760 12761 12761 12762 12761 12761 12761 12761 12761
 12762 12761 12761 12762 12761 12762 12761 12761] 
Iteration: 26 
Particle positions: [[-300 -300 -300 -300 -300 -300 -300 -300 -300 -300 -300 -300 -300 -300
  -300 -300 -300 -300 -300 -300]] 
Fitness: [12760 12761 12761 12761 12762 12760 12761 12761 12762 12761 12761 12761
 12761 12762 12761 12762 12761 12761 12761 12762] 
Iteration: 27 
Particle positions: [[-300 -300 -300 -300 -300 -300 -300 -300 -300 -300 -300 -300 -300 -300
  -300 -300 -300 -300 -300 -300]] 
Fitness: [12761 12761 12761 12762 12761 12761 12761 12761 12761 12760 12760 12761
 12761 12761 12761 12761 12761 12761 12761 12761] 
Iteration: 28 
Particle positions: [[-300 -300 -300 -300 -300 -300 -300 -300 -300 -300 -300 -300 -300 -300
  -300 -300 -300 -300 -300 -300]] 
Fitness: [12762 12761 12761 12761 12761 12761 12761 12761 12761 12761 12761 12761
 12761 12761 12761 12762 12762 12760 12761 12761] 
Iteration: 29 
Particle positions: [[-300 -300 -300 -300 -300 -300 -300 -300 -300 -300 -300 -300 -300 -300
  -300 -300 -300 -300 -300 -300]] 
Fitness: [12762 12762 12761 12761 12761 12761 12761 12761 12762 12761 12761 12761
 12761 12761 12762 12761 12761 12762 12762 12762] 
Iteration: 30 
Particle positions: [[-300 -300 -300 -300 -300 -300 -300 -300 -300 -300 -300 -300 -300 -300
  -300 -300 -300 -300 -300 -300]] 
Fitness: [12761 12761 12762 12761 12761 12761 12761 12761 12761 12761 12761 12761
 12761 12761 12762 12761 12761 12761 12761 12760] 
Iteration: 31 
Particle positions: [[-300 -300 -300 -300 -300 -300 -300 -300 -300 -300 -300 -300 -300 -300
  -300 -300 -300 -300 -300 -300]] 
Fitness: [12760 12761 12761 12762 12762 12762 12761 12761 12762 12761 12761 12762
 12761 12761 12762 12761 12761 12762 12762 12761] 
Iteration: 32 
Particle positions: [[-300 -300 -300 -300 -300 -300 -300 -300 -300 -300 -300 -300 -300 -300
  -300 -300 -300 -300 -300 -300]] 
Fitness: [12761 12762 12761 12762 12761 12761 12761 12761 12761 12760 12761 12762
 12761 12761 12762 12761 12762 12762 12761 12761] 
Iteration: 33 
Particle positions: [[-300 -300 -300 -300 -300 -300 -300 -300 -300 -300 -300 -300 -300 -300
  -300 -300 -300 -300 -300 -300]] 
Fitness: [12762 12761 12761 12761 12761 12762 12761 12762 12762 12762 12761 12761
 12761 12761 12761 12762 12762 12761 12761 12761] 
Iteration: 34 
Particle positions: [[-300 -300 -300 -300 -300 -300 -300 -300 -300 -300 -300 -300 -300 -300
  -300 -300 -300 -300 -300 -300]] 
Fitness: [12762 12761 12762 12762 12762 12761 12761 12762 12761 12761 12761 12762
 12761 12761 12761 12761 12761 12762 12761 12762] 
Iteration: 35 
Particle positions: [[-300 -300 -300 -300 -300 -300 -300 -300 -300 -300 -300 -300 -300 -300
  -300 -300 -300 -300 -300 -300]] 
Fitness: [12761 12761 12761 12762 12761 12761 12761 12760 12761 12761 12761 12760
 12761 12761 12762 12761 12761 12762 12761 12761] 
Iteration: 36 
Particle positions: [[-300 -300 -300 -300 -300 -300 -300 -300 -300 -300 -300 -300 -300 -300
  -300 -300 -300 -300 -300 -300]] 
Fitness: [12762 12761 12760 12761 12760 12761 12762 12762 12761 12761 12761 12761
 12761 12761 12761 12761 12761 12761 12761 12761] 
Iteration: 37 
Particle positions: [[-300 -300 -300 -300 -300 -300 -300 -300 -300 -300 -300 -300 -300 -300
  -300 -300 -300 -300 -300 -300]] 
Fitness: [12761 12761 12761 12761 12761 12761 12762 12762 12761 12761 12762 12760
 12760 12761 12761 12761 12761 12761 12761 12762] 
Iteration: 38 
Particle positions: [[-300 -300 -300 -300 -300 -300 -300 -300 -300 -300 -300 -300 -300 -300
  -300 -300 -300 -300 -300 -300]] 
Fitness: [12762 12761 12762 12760 12761 12761 12761 12761 12761 12761 12761 12761
 12761 12761 12761 12762 12761 12761 12760 12761] 
Iteration: 39 
Particle positions: [[-300 -300 -300 -300 -300 -300 -300 -300 -300 -300 -300 -300 -300 -300
  -300 -300 -300 -300 -300 -300]] 
Fitness: [12761 12761 12761 12762 12761 12761 12761 12761 12761 12761 12761 12762
 12761 12761 12762 12761 12761 12760 12761 12761] 
Iteration: 40 
Particle positions: [[-300 -300 -300 -300 -300 -300 -300 -300 -300 -300 -300 -300 -300 -300
  -300 -300 -300 -300 -300 -300]] 
Fitness: [12761 12761 12761 12761 12761 12761 12763 12761 12761 12761 12761 12762
 12762 12762 12761 12761 12761 12761 12761 12761] 
Iteration: 41 
Particle positions: [[-300 -300 -300 -300 -300 -300 -300 -300 -300 -300 -300 -300 -300 -300
  -300 -300 -300 -300 -300 -300]] 
Fitness: [12760 12760 12761 12762 12761 12761 12761 12762 12760 12760 12761 12761
 12762 12761 12761 12761 12761 12761 12761 12761] 
Iteration: 42 
Particle positions: [[-300 -300 -300 -300 -300 -300 -300 -300 -300 -300 -300 -300 -300 -300
  -300 -300 -300 -300 -300 -300]] 
Fitness: [12761 12762 12762 12762 12761 12761 12761 12762 12761 12760 12762 12761
 12762 12761 12761 12762 12762 12762 12761 12762] 
Iteration: 43 
Particle positions: [[-300 -300 -300 -300 -300 -300 -300 -300 -300 -300 -300 -300 -300 -300
  -300 -300 -300 -300 -300 -300]] 
Fitness: [12761 12761 12761 12762 12761 12762 12762 12761 12762 12761 12761 12761
 12762 12761 12761 12761 12761 12761 12761 12760] 
Iteration: 44 
Particle positions: [[-300 -300 -300 -300 -300 -300 -300 -300 -300 -300 -300 -300 -300 -300
  -300 -300 -300 -300 -300 -300]] 
Fitness: [12762 12761 12760 12761 12763 12762 12761 12762 12762 12760 12761 12761
 12761 12761 12762 12762 12761 12761 12761 12761] 
Iteration: 45 
Particle positions: [[-300 -300 -300 -300 -300 -300 -300 -300 -300 -300 -300 -300 -300 -300
  -300 -300 -300 -300 -300 -300]] 
Fitness: [12761 12761 12761 12761 12762 12761 12761 12761 12761 12761 12761 12761
 12761 12761 12761 12760 12761 12762 12762 12761] 
Iteration: 46 
Particle positions: [[-300 -300 -300 -300 -300 -300 -300 -300 -300 -300 -300 -300 -300 -300
  -300 -300 -300 -300 -300 -300]] 
Fitness: [12760 12761 12761 12761 12761 12762 12761 12761 12761 12761 12761 12761
 12761 12761 12761 12761 12762 12761 12761 12761] 
Iteration: 47 
Particle positions: [[-300 -300 -300 -300 -300 -300 -300 -300 -300 -300 -300 -300 -300 -300
  -300 -300 -300 -300 -300 -300]] 
Fitness: [12761 12761 12761 12762 12761 12762 12762 12761 12762 12762 12761 12761
 12760 12761 12761 12761 12762 12761 12761 12761] 
Iteration: 48 
Particle positions: [[-300 -300 -300 -300 -300 -300 -300 -300 -300 -300 -300 -300 -300 -300
  -300 -300 -300 -300 -300 -300]] 
Fitness: [12761 12762 12761 12761 12761 12762 12761 12761 12760 12761 12761 12761
 12761 12761 12762 12762 12762 12762 12761 12761] 
Iteration: 49 
Particle positions: [[-300 -300 -300 -300 -300 -300 -300 -300 -300 -300 -300 -300 -300 -300
  -300 -300 -300 -300 -300 -300]] 
Fitness: [12761 12762 12761 12761 12762 12761 12761 12761 12761 12761 12761 12761
 12761 12761 12761 12760 12761 12761 12761 12761] 
Object: 1 
Iteration: 0 
Particle positions: [[-178 -129  242  206  120    2 -194  137   48  236   -7  217  225   39
  -139   -7  135 -139  265 -174]] 
Fitness: [12771 12422  7332  7913  9351 11096 12846  9074 10451  7427 11215  7730
  7603 10580 12495 11216  9107 12495  6969 12750] 
Iteration: 1 
Particle positions: [[-205 -183 -141 -300 -106 -214 -194 -300   19 -139 -194 -300 -300 -199
  -232  -91  135 -204 -300 -173]] 
Fitness: [12892 12797 12509 13065 12250 12924 12846 13066 10864 12495 12847 13064
 13066 12869 12975 12128  9106 12887 13065 12746] 
Iteration: 2 
Particle positions: [[-239 -300 -300 -300 -300 -300 -300 -300  -73 -300 -300 -300 -300 -300
  -300 -298  132 -300 -300 -267]] 
Fitness: [12990 13065 13066 13064 13064 13065 13065 13066 11969 13065 13065 13064
 13065 13065 13065 13068  9156 13065 13065 13039] 
Iteration: 3 
Particle positions: [[-271 -300 -300 -300 -300 -300 -300 -300 -300 -300 -300 -300 -300 -300
  -300 -300 -300 -300 -300 -300]] 
Fitness: [13041 13065 13065 13064 13065 13065 13065 13066 13065 13064 13064 13065
 13066 13064 13064 13065 13066 13065 13065 13064] 
Iteration: 4 
Particle positions: [[-300 -300 -300 -300 -300 -300 -300 -300 -300 -300 -300 -300 -300 -300
  -300 -300 -300 -300 -300 -300]] 
Fitness: [13064 13065 13066 13066 13066 13065 13066 13065 13066 13066 13066 13064
 13066 13066 13065 13064 13066 13065 13065 13066] 
Iteration: 5 
Particle positions: [[-300 -300 -300 -300 -300 -300 -300 -300 -300 -300 -300 -300 -300 -300
  -300 -300 -300 -300 -300 -300]] 
Fitness: [13064 13065 13066 13065 13065 13065 13064 13066 13066 13066 13065 13065
 13066 13066 13066 13065 13066 13064 13064 13065] 
Iteration: 6 
Particle positions: [[-300 -300 -300 -300 -300 -300 -300 -300 -300 -300 -300 -300 -300 -300
  -300 -300 -300 -300 -300 -300]] 
Fitness: [13065 13066 13066 13065 13066 13065 13066 13066 13066 13065 13065 13065
 13065 13065 13066 13065 13066 13065 13064 13065] 
Iteration: 7 
Particle positions: [[-300 -300 -300 -300 -300 -300 -300 -300 -300 -300 -300 -300 -300 -300
  -300 -300 -300 -300 -300 -300]] 
Fitness: [13065 13066 13066 13065 13066 13065 13066 13066 13065 13065 13065 13064
 13065 13065 13065 13064 13065 13065 13065 13065] 
Iteration: 8 
Particle positions: [[-300 -300 -300 -300 -300 -300 -300 -300 -300 -300 -300 -300 -300 -300
  -300 -300 -300 -300 -300 -300]] 
Fitness: [13065 13065 13066 13065 13065 13066 13065 13065 13065 13065 13065 13066
 13065 13065 13066 13066 13065 13065 13065 13065] 
Iteration: 9 
Particle positions: [[-300 -300 -300 -300 -300 -300 -300 -300 -300 -300 -300 -300 -300 -300
  -300 -300 -300 -300 -300 -300]] 
Fitness: [13066 13065 13066 13065 13066 13066 13065 13065 13064 13065 13065 13064
 13065 13065 13066 13066 13065 13065 13064 13066] 
Iteration: 10 
Particle positions: [[-300 -300 -300 -300 -300 -300 -300 -300 -300 -300 -300 -300 -300 -300
  -300 -300 -300 -300 -300 -300]] 
Fitness: [13064 13065 13065 13066 13065 13065 13066 13065 13066 13065 13066 13064
 13066 13065 13065 13065 13065 13065 13065 13064] 
Iteration: 11 
Particle positions: [[-300 -300 -300 -300 -300 -300 -300 -300 -300 -300 -300 -300 -300 -300
  -300 -300 -300 -300 -300 -300]] 
Fitness: [13065 13064 13065 13065 13065 13064 13066 13065 13065 13065 13066 13065
 13066 13066 13066 13065 13065 13065 13065 13066] 
Iteration: 12 
Particle positions: [[-300 -300 -300 -300 -300 -300 -300 -300 -300 -300 -300 -300 -300 -300
  -300 -300 -300 -300 -300 -300]] 
Fitness: [13066 13066 13065 13065 13065 13065 13065 13065 13065 13066 13065 13065
 13065 13064 13065 13065 13064 13065 13065 13064] 
Iteration: 13 
Particle positions: [[-300 -300 -300 -300 -300 -300 -300 -300 -300 -300 -300 -300 -300 -300
  -300 -300 -300 -300 -300 -300]] 
Fitness: [13065 13066 13066 13066 13065 13066 13065 13065 13066 13065 13065 13065
 13064 13065 13065 13066 13065 13065 13065 13066] 
Iteration: 14 
Particle positions: [[-300 -300 -300 -300 -300 -300 -300 -300 -300 -300 -300 -300 -300 -300
  -298 -300 -300 -300 -300 -300]] 
Fitness: [13065 13064 13065 13065 13065 13064 13065 13065 13065 13065 13065 13065
 13066 13065 13067 13065 13065 13065 13065 13064] 
Iteration: 15 
Particle positions: [[-298 -300 -300 -300 -300 -300 -300 -300 -300 -300 -300 -300 -300 -300
  -297 -297 -300 -299 -300 -300]] 
Fitness: [13067 13065 13066 13064 13066 13065 13065 13065 13065 13065 13064 13065
 13065 13066 13068 13069 13065 13066 13066 13065] 
Iteration: 16 
Particle positions: [[-294 -300 -300 -300 -300 -300 -300 -300 -300 -300 -300 -300 -300 -300
  -296 -295 -300 -296 -300 -299]] 
Fitness: [13072 13066 13065 13065 13064 13064 13065 13065 13064 13065 13066 13065
 13065 13065 13069 13070 13065 13070 13065 13066] 
Iteration: 17 
Particle positions: [[-291 -290 -300 -300 -299 -300 -292 -300 -300 -300 -299 -300 -300 -294
  -294 -292 -300 -291 -300 -294]] 
Fitness: [13074 13075 13065 13065 13067 13065 13074 13066 13064 13065 13066 13065
 13066 13071 13071 13074 13065 13075 13066 13071] 
Iteration: 18 
Particle positions: [[-287 -283 -288 -300 -291 -295 -285 -288 -300 -291 -297 -289 -300 -289
  -292 -288 -300 -286 -300 -283]] 
Fitness: [13076 13043 13076 13065 13075 13071 13078 13075 13065 13074 13068 13076
 13064 13075 13074 13076 13066 13077 13065 13045] 
Iteration: 19 
Particle positions: [[-283 -290 -276 -277 -275 -290 -280 -276 -299 -278 -286 -277 -299 -280
  -290 -280 -282 -280 -296 -285]] 
Fitness: [13045 13075 13044 13043 13043 13074 13044 13044 13066 13045 13077 13044
 13066 13044 13075 13045 13043 13045 13070 13078] 
Iteration: 20 
Particle positions: [[-285 -292 -294 -300 -276 -286 -288 -289 -274 -281 -278 -287 -272 -276
  -283 -297 -300 -287 -271 -286]] 
Fitness: [13078 13073 13072 13065 13043 13077 13076 13075 13043 13044 13044 13076
 13042 13044 13045 13069 13065 13076 13040 13076] 
Iteration: 21 
Particle positions: [[-286 -279 -300 -300 -300 -283 -284 -290 -296 -300 -288 -295 -279 -300
  -282 -285 -289 -288 -278 -285]] 
Fitness: [13077 13043 13066 13065 13065 13044 13043 13074 13071 13065 13076 13071
 13045 13064 13045 13077 13076 13077 13045 13077] 
Iteration: 22 
Particle positions: [[-286 -281 -260 -300 -284 -289 -281 -279 -300 -288 -289 -277 -300 -300
  -287 -277 -277 -281 -300 -284]] 
Fitness: [13077 13045 13031 13065 13044 13075 13045 13045 13065 13076 13076 13045
 13063 13066 13077 13045 13044 13044 13064 13043] 
Iteration: 23 
Particle positions: [[-284 -300 -300 -277 -279 -287 -280 -275 -276 -279 -281 -283 -290 -267
  -290 -284 -294 -285 -300 -286]] 
Fitness: [13044 13065 13064 13043 13045 13076 13044 13043 13044 13044 13045 13044
 13074 13038 13075 13045 13071 13078 13066 13077] 
Iteration: 24 
Particle positions: [[-286 -299 -300 -287 -291 -281 -289 -285 -280 -277 -285 -290 -280 -260
  -278 -291 -297 -288 -277 -285]] 
Fitness: [13077 13066 13065 13076 13073 13044 13075 13078 13044 13044 13078 13075
 13044 13031 13045 13075 13068 13076 13044 13078] 
Iteration: 25 
Particle positions: [[-285 -282 -277 -292 -289 -289 -281 -292 -300 -300 -288 -292 -290 -300
  -293 -280 -293 -284 -300 -284]] 
Fitness: [13077 13044 13044 13073 13075 13075 13044 13074 13066 13065 13076 13074
 13075 13065 13073 13044 13072 13043 13066 13044] 
Iteration: 26 
Particle positions: [[-284 -286 -270 -282 -287 -287 -279 -270 -300 -300 -286 -287 -296 -300
  -300 -280 -283 -283 -284 -285]] 
Fitness: [13044 13077 13041 13044 13077 13077 13044 13042 13065 13064 13077 13077
 13069 13065 13065 13044 13045 13044 13045 13078] 
Iteration: 27 
Particle positions: [[-285 -288 -289 -282 -282 -283 -292 -290 -287 -273 -283 -281 -278 -286
  -276 -289 -290 -286 -288 -285]] 
Fitness: [13078 13076 13075 13045 13044 13044 13074 13074 13076 13043 13044 13044
 13045 13078 13043 13075 13076 13076 13076 13077] 
Iteration: 28 
Particle positions: [[-286 -282 -297 -293 -289 -285 -284 -284 -277 -285 -287 -289 -275 -277
  -278 -294 -286 -285 -288 -285]] 
Fitness: [13076 13044 13070 13073 13075 13078 13044 13043 13044 13077 13076 13075
 13043 13044 13044 13071 13076 13078 13076 13077] 
Iteration: 29 
Particle positions: [[-285 -283 -279 -290 -289 -286 -280 -283 -300 -292 -288 -292 -300 -299
  -294 -274 -288 -284 -286 -285]] 
Fitness: [13078 13044 13044 13075 13076 13077 13044 13044 13064 13074 13076 13073
 13065 13067 13071 13043 13076 13043 13076 13077] 
Iteration: 30 
Particle positions: [[-284 -288 -283 -277 -282 -284 -286 -286 -299 -290 -282 -282 -300 -294
  -295 -294 -287 -285 -287 -285]] 
Fitness: [13043 13075 13044 13044 13045 13043 13078 13076 13066 13076 13045 13045
 13065 13072 13071 13071 13077 13077 13076 13078] 
Iteration: 31 
Particle positions: [[-287 -288 -292 -287 -291 -285 -289 -285 -275 -281 -286 -287 -259 -272
  -272 -291 -284 -286 -288 -285]] 
Fitness: [13076 13076 13073 13076 13074 13076 13075 13077 13043 13044 13077 13075
 13030 13043 13043 13074 13043 13078 13077 13077] 
Iteration: 32 
Particle positions: [[-283 -283 -289 -292 -292 -285 -281 -284 -283 -282 -287 -286 -275 -294
  -287 -280 -288 -284 -286 -285]] 
Fitness: [13045 13044 13076 13074 13074 13077 13044 13044 13044 13045 13076 13076
 13043 13071 13076 13044 13077 13044 13077 13076] 
Iteration: 33 
Particle positions: [[-284 -286 -285 -279 -284 -285 -284 -286 -295 -287 -287 -284 -300 -278
  -293 -276 -286 -284 -285 -285]] 
Fitness: [13044 13077 13077 13045 13044 13078 13045 13077 13070 13076 13076 13044
 13065 13044 13073 13043 13077 13044 13077 13077] 
Iteration: 34 
Particle positions: [[-287 -287 -283 -281 -282 -285 -289 -286 -269 -285 -282 -285 -300 -287
  -283 -281 -285 -285 -288 -285]] 
Fitness: [13075 13077 13044 13045 13045 13078 13075 13078 13041 13078 13044 13077
 13065 13077 13045 13044 13077 13077 13076 13077] 
Iteration: 35 
Particle positions: [[-284 -286 -285 -297 -287 -285 -291 -284 -281 -284 -287 -287 -273 -290
  -280 -299 -285 -285 -286 -285]] 
Fitness: [13044 13078 13078 13069 13076 13078 13074 13043 13045 13043 13076 13076
 13042 13075 13045 13068 13077 13078 13077 13077] 
Iteration: 36 
Particle positions: [[-284 -285 -286 -282 -289 -285 -283 -284 -300 -287 -287 -285 -300 -283
  -299 -272 -287 -285 -285 -285]] 
Fitness: [13043 13078 13076 13044 13075 13077 13044 13043 13064 13076 13077 13077
 13066 13044 13065 13042 13077 13077 13078 13078] 
Iteration: 37 
Particle positions: [[-286 -286 -284 -283 -286 -285 -282 -287 -264 -285 -284 -288 -272 -282
  -276 -271 -287 -285 -284 -285]] 
Fitness: [13078 13078 13043 13044 13077 13077 13045 13077 13036 13077 13043 13077
 13043 13044 13043 13041 13076 13077 13043 13079] 
Iteration: 38 
Particle positions: [[-286 -285 -284 -287 -283 -285 -286 -286 -278 -284 -283 -286 -262 -285
  -280 -285 -284 -285 -286 -285]] 
Fitness: [13077 13077 13044 13077 13044 13078 13077 13078 13045 13045 13045 13078
 13034 13077 13045 13076 13044 13077 13079 13078] 
Iteration: 39 
Particle positions: [[-284 -285 -286 -288 -285 -285 -286 -284 -299 -285 -288 -284 -300 -286
  -289 -292 -284 -285 -285 -285]] 
Fitness: [13043 13077 13078 13075 13077 13077 13077 13044 13065 13077 13076 13044
 13065 13077 13075 13074 13044 13077 13078 13078] 
Iteration: 40 
Particle positions: [[-286 -287 -285 -287 -286 -285 -284 -283 -294 -285 -287 -284 -300 -286
  -288 -285 -291 -285 -284 -285]] 
Fitness: [13078 13076 13077 13076 13078 13078 13044 13044 13072 13078 13076 13043
 13065 13077 13076 13078 13074 13079 13043 13078] 
Iteration: 41 
Particle positions: [[-284 -285 -284 -285 -286 -285 -285 -286 -275 -285 -284 -287 -281 -285
  -286 -281 -281 -285 -288 -285]] 
Fitness: [13043 13078 13044 13077 13077 13077 13078 13077 13044 13077 13043 13076
 13044 13078 13076 13044 13044 13078 13076 13078] 
Iteration: 42 
Particle positions: [[-285 -286 -286 -287 -285 -285 -285 -284 -280 -285 -285 -284 -290 -285
  -284 -289 -279 -285 -285 -285]] 
Fitness: [13077 13077 13076 13076 13078 13077 13077 13044 13045 13078 13078 13044
 13074 13077 13045 13075 13044 13078 13078 13077] 
Iteration: 43 
Particle positions: [[-285 -286 -285 -286 -286 -285 -285 -285 -287 -285 -285 -287 -291 -286
  -284 -284 -284 -285 -283 -285]] 
Fitness: [13077 13077 13078 13078 13077 13078 13077 13078 13076 13077 13077 13076
 13074 13078 13043 13044 13044 13078 13043 13078] 
Iteration: 44 
Particle positions: [[-285 -284 -284 -285 -284 -285 -285 -285 -286 -285 -285 -283 -290 -286
  -287 -284 -289 -285 -285 -285]] 
Fitness: [13077 13043 13043 13078 13043 13078 13078 13078 13078 13078 13078 13044
 13073 13077 13076 13043 13075 13077 13078 13077] 
Iteration: 45 
Particle positions: [[-285 -287 -285 -286 -285 -285 -285 -285 -284 -285 -285 -285 -286 -286
  -288 -287 -282 -285 -286 -285]] 
Fitness: [13077 13076 13077 13077 13077 13077 13077 13078 13044 13078 13077 13078
 13078 13077 13076 13077 13044 13077 13078 13078] 
Iteration: 46 
Particle positions: [[-285 -284 -285 -286 -286 -285 -285 -285 -285 -285 -285 -286 -283 -284
  -283 -283 -280 -285 -284 -285]] 
Fitness: [13078 13044 13077 13077 13077 13078 13078 13077 13078 13078 13078 13077
 13045 13044 13043 13044 13045 13078 13044 13077] 
Iteration: 47 
Particle positions: [[-285 -286 -285 -284 -285 -285 -285 -285 -286 -285 -285 -285 -284 -283
  -286 -286 -292 -285 -286 -285]] 
Fitness: [13078 13077 13077 13044 13078 13078 13077 13077 13077 13078 13077 13078
 13044 13045 13077 13077 13072 13078 13077 13077] 
Iteration: 48 
Particle positions: [[-285 -287 -285 -288 -285 -285 -285 -285 -285 -285 -285 -285 -288 -286
  -287 -285 -280 -285 -285 -285]] 
Fitness: [13079 13077 13078 13076 13077 13077 13077 13077 13078 13077 13077 13077
 13076 13078 13076 13077 13045 13078 13077 13077] 
Iteration: 49 
Particle positions: [[-285 -284 -285 -282 -285 -285 -285 -285 -286 -285 -285 -286 -283 -286
  -283 -284 -284 -285 -286 -285]] 
Fitness: [13078 13043 13077 13045 13077 13077 13077 13078 13076 13079 13078 13077
 13044 13077 13044 13044 13043 13077 13078 13078] 
place side object: 2 
Object: 0 
Iteration: 0 
Particle positions: [[-187   44 -179  -76 -296  221  -46 -159   49  106   -9  151  -33  230
  -209 -226   99  197   13  183]] 
Fitness: [12301 10571 12273 11678 12446  8364 11406 12148 10512  9798 11094  9242
 11299  8247 12366 12403  9888  8675 10900  8849] 
Iteration: 1 
Particle positions: [[-300  -18 -300 -284 -296 -300 -300 -280 -243 -300 -300 -300 -155 -300
  -291 -271 -300 -258 -158 -300]] 
Fitness: [12443 11170 12444 12452 12446 12443 12443 12453 12426 12444 12443 12444
 12129 12444 12450 12451 12443 12442 12143 12443] 
Iteration: 2 
Particle positions: [[-300 -187 -300 -300 -291 -300 -300 -300 -300 -300 -300 -300 -300 -300
  -300 -300 -300 -300 -300 -300]] 
Fitness: [12444 12300 12442 12443 12449 12443 12444 12444 12444 12444 12444 12444
 12443 12444 12442 12443 12444 12443 12444 12444] 
Iteration: 3 
Particle positions: [[-300 -300 -300 -300 -281 -300 -300 -300 -300 -300 -300 -300 -300 -300
  -300 -287 -300 -300 -300 -300]] 
Fitness: [12444 12443 12444 12443 12453 12443 12443 12443 12443 12443 12443 12443
 12443 12443 12442 12453 12444 12444 12444 12444] 
Iteration: 4 
Particle positions: [[-300 -300 -300 -300 -272 -300 -300 -269 -300 -300 -300 -300 -300 -300
  -287 -269 -300 -300 -300 -300]] 
Fitness: [12443 12443 12444 12443 12451 12443 12443 12450 12444 12444 12443 12443
 12444 12443 12451 12451 12443 12444 12443 12443] 
Iteration: 5 
Particle positions: [[-300 -300 -300 -300 -274 -300 -300 -269 -300 -300 -300 -300 -300 -300
  -271 -300 -300 -300 -300 -300]] 
Fitness: [12444 12444 12443 12444 12453 12443 12443 12451 12443 12444 12444 12444
 12444 12444 12451 12443 12444 12444 12443 12444] 
Iteration: 6 
Particle positions: [[-294 -300 -300 -254 -292 -300 -300 -285 -300 -300 -300 -300 -300 -300
  -264 -282 -300 -300 -300 -300]] 
Fitness: [12448 12444 12443 12438 12450 12444 12444 12452 12444 12444 12443 12444
 12443 12443 12447 12453 12444 12444 12442 12444] 
Iteration: 7 
Particle positions: [[-270 -300 -296 -230 -298 -300 -300 -289 -300 -300 -300 -300 -300 -300
  -299 -271 -300 -300 -300 -300]] 
Fitness: [12451 12444 12447 12408 12445 12443 12443 12451 12444 12444 12442 12443
 12444 12443 12445 12451 12444 12443 12443 12443] 
Iteration: 8 
Particle positions: [[-254 -300 -283 -270 -261 -300 -300 -279 -300 -300 -300 -300 -293 -300
  -300 -292 -300 -300 -299 -300]] 
Fitness: [12438 12444 12452 12451 12445 12443 12444 12453 12444 12443 12443 12443
 12449 12443 12444 12449 12443 12443 12444 12444] 
Iteration: 9 
Particle positions: [[-300 -300 -268 -300 -300 -300 -300 -273 -299 -300 -300 -300 -282 -300
  -297 -281 -300 -300 -298 -300]] 
Fitness: [12443 12444 12450 12443 12443 12443 12444 12452 12444 12444 12443 12444
 12453 12443 12446 12453 12443 12443 12445 12443] 
Iteration: 10 
Particle positions: [[-300 -266 -285 -300 -300 -300 -300 -275 -283 -300 -289 -287 -273 -300
  -272 -282 -300 -300 -290 -300]] 
Fitness: [12444 12448 12452 12444 12444 12443 12443 12453 12452 12444 12451 12452
 12451 12444 12452 12453 12444 12444 12451 12443] 
Iteration: 11 
Particle positions: [[-237 -263 -298 -290 -256 -300 -300 -280 -266 -300 -275 -271 -281 -300
  -265 -289 -300 -299 -280 -300]] 
Fitness: [12419 12447 12445 12450 12440 12443 12443 12453 12449 12444 12452 12451
 12453 12443 12448 12451 12444 12444 12453 12443] 
Iteration: 12 
Particle positions: [[-279 -291 -288 -265 -244 -300 -300 -284 -290 -293 -266 -288 -287 -300
  -275 -279 -300 -284 -272 -300]] 
Fitness: [12452 12450 12452 12449 12428 12443 12444 12452 12450 12449 12449 12453
 12452 12443 12453 12452 12443 12453 12452 12443] 
Iteration: 13 
Particle positions: [[-300 -298 -259 -279 -300 -300 -290 -282 -300 -285 -288 -290 -283 -297
  -285 -275 -297 -271 -292 -300]] 
Fitness: [12442 12445 12444 12453 12444 12444 12451 12453 12443 12452 12452 12450
 12453 12446 12452 12453 12446 12451 12450 12444] 
Iteration: 14 
Particle positions: [[-300 -284 -264 -292 -293 -300 -268 -277 -274 -277 -281 -270 -275 -264
  -287 -298 -274 -290 -294 -278]] 
Fitness: [12444 12453 12447 12450 12449 12444 12450 12452 12452 12454 12454 12451
 12453 12447 12451 12445 12452 12450 12448 12453] 
Iteration: 15 
Particle positions: [[-235 -271 -300 -296 -275 -298 -296 -276 -272 -271 -269 -262 -274 -256
  -271 -293 -258 -287 -291 -259]] 
Fitness: [12418 12451 12444 12446 12453 12445 12447 12452 12452 12450 12450 12446
 12453 12441 12452 12449 12442 12452 12450 12444] 
Iteration: 16 
Particle positions: [[-233 -292 -296 -268 -272 -274 -293 -277 -285 -279 -281 -284 -288 -269
  -261 -254 -300 -272 -265 -300]] 
Fitness: [12414 12450 12447 12450 12451 12452 12449 12453 12452 12453 12454 12452
 12452 12451 12444 12438 12443 12452 12448 12443] 
Iteration: 17 
Particle positions: [[-273 -299 -270 -270 -280 -256 -274 -283 -293 -280 -283 -287 -289 -280
  -285 -264 -300 -271 -252 -300]] 
Fitness: [12452 12445 12451 12450 12453 12440 12452 12452 12448 12453 12453 12452
 12451 12453 12453 12447 12444 12451 12436 12444] 
Iteration: 18 
Particle positions: [[-300 -257 -266 -285 -281 -252 -263 -278 -278 -270 -271 -287 -271 -285
  -281 -290 -271 -292 -282 -219]] 
Fitness: [12444 12440 12448 12452 12453 12436 12446 12453 12454 12451 12452 12452
 12451 12452 12453 12450 12451 12449 12453 12389] 
Iteration: 19 
Particle positions: [[-256 -269 -297 -285 -279 -286 -268 -277 -265 -268 -284 -287 -276 -282
  -263 -298 -255 -274 -300 -258]] 
Fitness: [12440 12451 12446 12452 12452 12453 12451 12453 12448 12449 12453 12451
 12452 12453 12446 12446 12440 12452 12443 12442] 
Iteration: 20 
Particle positions: [[-280 -300 -286 -280 -277 -300 -282 -279 -275 -275 -286 -275 -284 -270
  -281 -273 -300 -279 -282 -300]] 
Fitness: [12453 12443 12452 12453 12453 12443 12454 12453 12453 12453 12451 12452
 12452 12451 12454 12453 12443 12453 12453 12443] 
Iteration: 21 
Particle positions: [[-294 -300 -271 -273 -276 -297 -287 -280 -289 -281 -269 -294 -274 -281
  -290 -267 -300 -283 -268 -291]] 
Fitness: [12448 12443 12451 12453 12453 12446 12452 12453 12452 12453 12450 12448
 12452 12453 12451 12450 12444 12454 12450 12451] 
Iteration: 22 
Particle positions: [[-285 -264 -276 -274 -286 -239 -276 -277 -283 -276 -281 -272 -279 -288
  -278 -300 -224 -279 -279 -246]] 
Fitness: [12452 12447 12453 12453 12452 12421 12453 12453 12453 12453 12454 12452
 12452 12452 12453 12444 12398 12453 12453 12429] 
Iteration: 23 
Particle positions: [[-274 -283 -280 -284 -286 -300 -280 -280 -267 -274 -288 -280 -286 -267
  -270 -300 -253 -277 -286 -249]] 
Fitness: [12452 12453 12454 12452 12451 12443 12453 12453 12449 12452 12452 12454
 12452 12449 12451 12443 12436 12452 12451 12433] 
Iteration: 24 
Particle positions: [[-269 -296 -279 -275 -264 -300 -282 -277 -266 -284 -284 -283 -270 -280
  -277 -285 -300 -275 -270 -284]] 
Fitness: [12450 12447 12454 12453 12448 12443 12453 12453 12448 12453 12453 12452
 12451 12453 12453 12452 12443 12452 12451 12453] 
Iteration: 25 
Particle positions: [[-295 -262 -276 -274 -275 -289 -282 -278 -282 -273 -269 -280 -275 -285
  -284 -274 -300 -290 -280 -292]] 
Fitness: [12447 12446 12453 12452 12453 12450 12453 12452 12453 12452 12450 12453
 12452 12452 12453 12452 12443 12451 12454 12450] 
Iteration: 26 
Particle positions: [[-297 -256 -275 -280 -290 -257 -274 -278 -286 -274 -281 -277 -293 -275
  -272 -272 -276 -289 -286 -251]] 
Fitness: [12446 12440 12453 12453 12450 12442 12453 12453 12452 12453 12453 12453
 12449 12452 12451 12451 12452 12451 12453 12434] 
Iteration: 27 
Particle positions: [[-239 -300 -283 -279 -275 -300 -279 -280 -265 -280 -286 -279 -281 -278
  -288 -286 -259 -265 -269 -254]] 
Fitness: [12422 12443 12453 12453 12453 12444 12453 12454 12449 12453 12452 12453
 12452 12452 12451 12452 12442 12448 12450 12438] 
Iteration: 28 
Particle positions: [[-281 -300 -277 -276 -268 -300 -284 -280 -277 -278 -265 -279 -273 -281
  -272 -293 -283 -289 -272 -266]] 
Fitness: [12453 12444 12453 12453 12450 12443 12453 12454 12452 12453 12448 12453
 12451 12453 12451 12449 12453 12451 12451 12450] 
Iteration: 29 
Particle positions: [[-298 -298 -274 -277 -291 -291 -273 -279 -285 -274 -268 -276 -277 -274
  -264 -269 -291 -287 -288 -298]] 
Fitness: [12445 12445 12451 12453 12451 12451 12452 12453 12452 12452 12449 12453
 12453 12452 12447 12451 12451 12451 12451 12445] 
Iteration: 30 
Particle positions: [[-288 -259 -279 -280 -263 -253 -282 -276 -267 -274 -300 -278 -289 -279
  -286 -264 -278 -280 -264 -279]] 
Fitness: [12451 12443 12452 12453 12446 12437 12453 12453 12449 12451 12443 12453
 12450 12453 12452 12447 12453 12454 12447 12453] 
Iteration: 31 
Particle positions: [[-268 -290 -281 -277 -283 -293 -280 -279 -288 -278 -298 -280 -283 -281
  -282 -281 -277 -277 -279 -266]] 
Fitness: [12450 12451 12454 12452 12453 12449 12453 12453 12451 12453 12445 12454
 12453 12452 12453 12453 12452 12453 12453 12449] 
Iteration: 32 
Particle positions: [[-260 -297 -276 -276 -291 -295 -275 -279 -273 -277 -283 -281 -271 -279
  -269 -292 -282 -276 -286 -294]] 
Fitness: [12444 12447 12453 12453 12450 12449 12453 12452 12452 12452 12453 12453
 12451 12453 12450 12450 12453 12453 12452 12448] 
Iteration: 33 
Particle positions: [[-300 -275 -276 -277 -277 -284 -284 -279 -271 -276 -259 -278 -281 -277
  -264 -285 -283 -289 -273 -262]] 
Fitness: [12444 12452 12453 12452 12452 12452 12453 12454 12450 12454 12443 12452
 12453 12452 12447 12452 12452 12450 12452 12447] 
Iteration: 34 
Particle positions: [[-299 -282 -282 -281 -274 -268 -276 -276 -282 -277 -290 -276 -285 -276
  -300 -282 -274 -284 -276 -288]] 
Fitness: [12445 12453 12453 12453 12453 12450 12453 12452 12453 12453 12450 12453
 12452 12453 12443 12453 12453 12453 12453 12451] 
Iteration: 35 
Particle positions: [[-247 -288 -279 -274 -284 -300 -274 -276 -280 -277 -280 -277 -285 -276
  -269 -280 -273 -281 -286 -264]] 
Fitness: [12430 12451 12453 12452 12453 12443 12452 12453 12454 12453 12454 12452
 12453 12453 12451 12453 12452 12453 12452 12447] 
Iteration: 36 
Particle positions: [[-300 -269 -277 -274 -272 -287 -291 -284 -273 -277 -270 -280 -268 -283
  -280 -285 -282 -275 -283 -275]] 
Fitness: [12443 12450 12452 12452 12451 12452 12450 12453 12452 12453 12451 12453
 12450 12452 12453 12453 12453 12452 12452 12452] 
Iteration: 37 
Particle positions: [[-266 -277 -281 -276 -285 -265 -288 -280 -279 -277 -275 -276 -282 -274
  -281 -277 -288 -284 -276 -283]] 
Fitness: [12450 12453 12454 12453 12452 12448 12451 12453 12453 12452 12452 12452
 12453 12452 12452 12452 12452 12452 12453 12453] 
Iteration: 38 
Particle positions: [[-271 -288 -276 -281 -279 -290 -271 -274 -281 -277 -292 -276 -280 -281
  -276 -285 -271 -285 -277 -275]] 
Fitness: [12451 12452 12452 12454 12453 12451 12451 12453 12453 12453 12450 12453
 12454 12453 12453 12452 12452 12452 12453 12453] 
Iteration: 39 
Particle positions: [[-282 -287 -276 -279 -274 -282 -265 -277 -272 -277 -279 -283 -277 -278
  -281 -279 -286 -266 -279 -276]] 
Fitness: [12453 12452 12453 12453 12452 12453 12448 12452 12451 12452 12453 12453
 12453 12452 12453 12453 12452 12449 12453 12453] 
Iteration: 40 
Particle positions: [[-278 -277 -283 -278 -281 -275 -300 -284 -279 -277 -271 -271 -281 -278
  -283 -282 -286 -267 -279 -277]] 
Fitness: [12452 12452 12452 12452 12453 12453 12442 12453 12454 12452 12451 12451
 12453 12453 12453 12454 12452 12449 12453 12453] 
Iteration: 41 
Particle positions: [[-275 -279 -276 -281 -279 -289 -284 -274 -277 -277 -290 -277 -278 -278
  -269 -274 -282 -300 -280 -278]] 
Fitness: [12453 12453 12453 12453 12453 12451 12453 12452 12452 12453 12451 12453
 12454 12453 12451 12452 12453 12444 12454 12453] 
Iteration: 42 
Particle positions: [[-279 -287 -277 -275 -275 -271 -266 -278 -278 -277 -263 -281 -278 -277
  -288 -276 -278 -300 -278 -278]] 
Fitness: [12453 12452 12452 12453 12453 12451 12448 12452 12452 12452 12446 12453
 12453 12453 12451 12453 12453 12444 12453 12452] 
Iteration: 43 
Particle positions: [[-281 -271 -282 -275 -282 -268 -290 -280 -277 -277 -293 -279 -278 -281
  -289 -281 -276 -271 -279 -276]] 
Fitness: [12453 12451 12452 12452 12453 12450 12450 12454 12452 12452 12450 12454
 12453 12453 12450 12454 12453 12451 12453 12452] 
Iteration: 44 
Particle positions: [[-275 -279 -274 -282 -280 -300 -288 -280 -277 -277 -280 -277 -281 -275
  -276 -284 -285 -281 -277 -279]] 
Fitness: [12453 12453 12452 12453 12453 12443 12452 12453 12453 12453 12454 12453
 12454 12453 12453 12453 12452 12452 12453 12453] 
Iteration: 45 
Particle positions: [[-283 -289 -286 -281 -275 -294 -277 -274 -278 -277 -274 -278 -280 -281
  -275 -269 -278 -283 -280 -278]] 
Fitness: [12452 12450 12452 12453 12453 12449 12454 12452 12453 12452 12452 12454
 12453 12453 12452 12451 12453 12452 12454 12453] 
Iteration: 46 
Particle positions: [[-280 -284 -266 -277 -283 -278 -274 -276 -277 -277 -284 -279 -274 -280
  -283 -286 -279 -278 -276 -276]] 
Fitness: [12454 12453 12448 12452 12453 12454 12452 12453 12453 12452 12453 12452
 12452 12453 12453 12451 12453 12453 12452 12453] 
Iteration: 47 
Particle positions: [[-274 -273 -281 -282 -277 -271 -275 -280 -277 -277 -284 -279 -284 -277
  -276 -274 -283 -284 -282 -280]] 
Fitness: [12453 12452 12453 12453 12452 12451 12453 12454 12452 12452 12453 12453
 12453 12452 12453 12452 12453 12452 12453 12453] 
Iteration: 48 
Particle positions: [[-281 -272 -284 -280 -279 -272 -283 -278 -278 -277 -278 -278 -274 -280
  -277 -276 -281 -274 -274 -278]] 
Fitness: [12453 12451 12453 12453 12453 12452 12453 12454 12452 12453 12453 12453
 12453 12453 12453 12453 12452 12452 12452 12453] 
Iteration: 49 
Particle positions: [[-278 -296 -275 -275 -278 -284 -284 -277 -276 -277 -274 -277 -285 -277
  -278 -287 -279 -282 -279 -277]] 
Fitness: [12453 12447 12452 12453 12452 12452 12452 12452 12453 12453 12452 12453
 12453 12453 12453 12452 12453 12453 12453 12453] 
Type: 1 
Bin: 0 
place side object: 0 
Object: 0 
Iteration: 0 
Particle positions: [[ -41 -266  204  -15 -153 -272    4   94  -66  132  203   85  154 -144
   131  274 -110 -161 -242   -4]] 
Fitness: [11637 10338 12262 11755 11066 10234 11833 12110 11562 14161 12261 12081
 12214 11120 12170 12292 11322 11015 10497 11800] 
Iteration: 1 
Particle positions: [[  47  211  182  -11   80  -15    5  144  134  132  113  169  136   80
   132  194  290  290 -125  241]] 
Fitness: [12010 12268 12277 11771 12068 11754 11837 12196 12178 14168 12170 12251
 12181 12068 14168 12252 12304 12302 11234 12314] 
Iteration: 2 
Particle positions: [[194 290  95  23 290 283 192 187 290 132 150 170 136 290 132  93 290 290
  290 290]] 
Fitness: [12251 12303 12114 11916 12303 12300 12249 12286 12303 14174 12207 12253
 12181 12303 14176 12107 12304 12303 12303 12303] 
Iteration: 3 
Particle positions: [[257 290 251 180 254 290 290 155 200 132 251 168 140 255 132 125 290 290
  290 256]] 
Fitness: [12277 12303 12276 12274 12276 12303 12303 12215 12259 12172 12276 12249
 12189 12277 12172 12201 12304 12303 12303 12277] 
Iteration: 4 
Particle positions: [[ 97 290 151 290 202 174 290 116 141 132 125 104 137 111 132 268 290 290
  250 -12]] 
Fitness: [12121 12303 12209 12303 12261 12262 12304 12178 12192 14187 12201 12143
 12184 12164 14189 12285 12303 12303 12275 11768] 
Iteration: 5 
Particle positions: [[134 123 112 122 222 211 127 125 106 132 172 123 160 101 132 290 118 231
  153 290]] 
Fitness: [12177 12197 12167 12194 12289 12268 12206 12201 12148 14193 12258 12197
 12229 12134 14196 12303 12183 12302 12212 12303] 
Iteration: 6 
Particle positions: [[231 204 145 176 203 133 167 205 290 132 180 175 140 290 132 120  59 122
   87 281]] 
Fitness: [12302 12263 12199 12266 12262 12175 12246 12263 12303 14201 12273 12263
 12190 12304 12173 12189 12005 12193 12086 12298] 
Iteration: 7 
Particle positions: [[249 290 153 290 290 290 290 188 290 132 143 189 110 290 132 159 290  70
  290 127]] 
Fitness: [12274 12303 12212 12303 12303 12304 12303 12288 12304 14206 12195 12289
 12161 12303 14207 12226 12303 12040 12304 12205] 
Iteration: 8 
Particle positions: [[109 143 156 173 178 126 240  74 217 132 127 175 106 144 132 263 290 290
  290  32]] 
Fitness: [12159 12195 12218 12259 12270 12204 12312 12052 12279 14212 12206 12264
 12149 12197 14214 12277 12303 12303 12303 11952] 
Iteration: 9 
Particle positions: [[  3 181 188 167  65 290  92  74 249 132 290 155 149 235 132 118 290 290
  290 290]] 
Fitness: [11828 12275 12288 12246 12024 12303 12104 12051 12274 14220 12303 12216
 12205 12307 14222 12183 12303 12304 12303 12303] 
Iteration: 10 
Particle positions: [[290 290 201 217 290 180 251 166 244 132 218 154 203 115 132 128 290 290
  166 276]] 
Fitness: [12304 12303 12260 12279 12304 12273 12275 12244 12271 14227 12280 12213
 12262 12175 14227 12163 12303 12303 12244 12295] 
Iteration: 11 
Particle positions: [[290  94 184 200 290  30 281 247 167 132 117 193 133 217 132 260  18 231
   95 196]] 
Fitness: [12303 12111 12280 12259 12303 11946 12299 12273 12247 12172 12180 12250
 12175 12279 12173 12277 11895 12302 12113 12255] 
Iteration: 12 
Particle positions: [[267  -8  92 191 181 290 153 203 207 132 290 200 173 284 132 233 290 162
  158 110]] 
Fitness: [12283 11784 12104 12247 12275 12304 12212 12262 12265 12173 12303 12259
 12259 12301 14241 12305 12303 12235 12223 12161] 
Iteration: 13 
Particle positions: [[204 290 158 236  70 290 210 135 123 132 290  83 164 202 132 208 290 154
  289 214]] 
Fitness: [12262 12303 12224 12308 12040 12304 12267 12179 12196 14246 12304 12076
 12239 12260 14247 12266 12303 12214 12303 12273] 
Iteration: 14 
Particle positions: [[273 290 227 206 290 282 235 123 290 132 290 242 209  71 132  98 216 186
   89 290]] 
Fitness: [12291 12303 12297 12264 12303 12300 12307 12196 12304 14252 12303 12314
 12266 12042 14253 12124 12277 12283 12093 12303] 
Iteration: 15 
Particle positions: [[168 217 107 167 216  18 151 119 290 132 136 145 192 290 132 179 154 268
  147 186]] 
Fitness: [12249 12279 12152 12246 12277 11896 12209 12186 12303 14258 12181 12198
 12248 12303 14259 12272 12213 12285 12203 12283] 
Iteration: 16 
Particle positions: [[119 140 132  75 136 290 185 153 172 132  22 129 109 137 132 252  92 118
  290  62]] 
Fitness: [12186 12189 12172 12055 12181 12304 12283 12212 12257 14264 11912 12166
 12159 12183 14265 12276 12104 12184 12303 12015] 
Iteration: 17 
Particle positions: [[290 172 230  38 290 290 218 169 155 132 290 150  95 155 132  60 178 290
  290 247]] 
Fitness: [12303 12258 12301 11976 12302 12303 12281 12251 12216 14270 12303 12208
 12113 12216 12172 12008 12270 12303 12303 12273] 
Iteration: 18 
Particle positions: [[183 290 106 290 165 290 237 158 290 132 290 220 239 163 132 185 242 290
   72 175]] 
Fitness: [12279 12303 12150 12304 12241 12303 12309 12224 12304 14278 12303 12285
 12312 12237 14279 12282 12314 12303 12045 12265] 
Iteration: 19 
Particle positions: [[253 194 154 213 176 254 187 125 290 132 169 238 220 215 132 260 262 290
  268 162]] 
Fitness: [12276 12252 12213 12271 12266 12276 12285 12200 12304 14283 12251 12311
 12285 12275 12173 12277 12276 12303 12285 12234] 
Iteration: 20 
Particle positions: [[150  80 285 148 290 122  62 148 204 132 233  49 192 179 132 249  69 225
  287 184]] 
Fitness: [12207 12068 12301 12204 12303 12193 12015 12204 12263 12173 12304 12017
 12249 12272 14294 12275 12036 12293 12302 12280] 
Iteration: 21 
Particle positions: [[236 138 251 118 139 103 290 171 252 132 281 290 173 189 132 149 154 253
  276 279]] 
Fitness: [12308 12185 12275 12183 12187 12140 12304 12255 12276 14300 12299 12304
 12260 12289 14301 12206 12214 12276 12294 12297] 
Iteration: 22 
Particle positions: [[290 290  93 123 187 286 290 218 266 132 253 290 208 189 132 138 181 164
  139 224]] 
Fitness: [12304 12302 12108 12196 12286 12301 12303 12281 12281 14306 12276 12303
 12266 12288 14308 12185 12275 12239 12187 12291] 
Iteration: 23 
Particle positions: [[ 41 160 142 255 287 290  32  88  75 132 213 290 241 121 132 290 196 119
  290  84]] 
Fitness: [11988 12228 12193 12277 12302 12303 11953 12090 12054 14314 12271 12303
 12313 12191 14316 12303 12254 12186 12303 12079] 
Iteration: 24 
Particle positions: [[139  97 193 207 122  87 290 238  68 132 141  44 211 185 132 218 277 290
  213 269]] 
Fitness: [12187 12120 12249 12265 12194 12087 12303 12311 12034 14321 12191 11999
 12268 12282 12173 12280 12296 12303 12271 12285] 
Iteration: 25 
Particle positions: [[236 290 169 203 290 245 290 251 290 132 238 218 127 196 132  33  62 290
  256 250]] 
Fitness: [12309 12303 12251 12262 12303 12272 12303 12276 12303 14327 12311 12281
 12206 12254 14329 11957 12015 12303 12277 12275] 
Iteration: 26 
Particle positions: [[219 163 227 124 283 290 -22 146 290 132 127 290  76 158 132 290 290 106
   71 183]] 
Fitness: [12283 12237 12297 12199 12300 12303 11725 12201 12303 14334 12206 12303
 12057 12224 12173 12303 12304 12149 12043 12279] 
Iteration: 27 
Particle positions: [[204 164 198 110  79 290 138 124 198 132  85  12 290 171 132 225 290 290
  290 101]] 
Fitness: [12263 12239 12256 12161 12066 12303 12186 12199 12256 12172 12082 11869
 12304 12255 14343 12293 12303 12304 12303 12133] 
Iteration: 28 
Particle positions: [[219 264 106 290 290  17 259 227  42 132 259   8 156 169 132  62  47 206
  290 290]] 
Fitness: [12283 12278 12148 12303 12303 11890 12277 12297 11992 14348 12277 11851
 12217 12251 14349 12015 12010 12264 12304 12303] 
Iteration: 29 
Particle positions: [[224 290 149 290 246 290 130 247 290 132 152 192 172 211 132 290 151 169
  290 223]] 
Fitness: [12292 12304 12206 12303 12272 12303 12169 12273 12303 14354 12211 12250
 12257 12269 14355 12303 12209 12251 12303 12290] 
Iteration: 30 
Particle positions: [[186  20 290 -24 182 290 255 184 290 132 109 290 215 115 132 248 290 266
  251  95]] 
Fitness: [12284 11904 12304 11716 12277 12303 12277 12280 12304 12173 12158 12303
 12275 12175 14361 12274 12303 12282 12275 12114] 
Iteration: 31 
Particle positions: [[166 290 290 148 173 119  86  54 269 132 281  21 220 160 132 144  59 180
  100 158]] 
Fitness: [12244 12304 12304 12204 12259 12186 12084 11988 12285 12172 12299 11908
 12285 12229 14368 12197 12005 12274 12130 12224] 
Iteration: 32 
Particle positions: [[229 223 254 266 290 272 194 211 210 132 290 160  97 186 132 178 131 290
  234 290]] 
Fitness: [12300 12290 12277 12281 12304 12290 12251 12268 12267 14372 12303 12229
 12121 12284 14374 12269 12170 12303 12306 12303] 
Iteration: 33 
Particle positions: [[134 251 250  93 102 290 278 190 224 132 275 234 216 134 132 227 247 290
  152  93]] 
Fitness: [12177 12275 12274 12108 12137 12303 12296 12247 12291 12173 12293 12306
 12277 12177 12172 12296 12273 12303 12210 12107] 
Iteration: 34 
Particle positions: [[221  66 109  17 261 130 290 192 143 132  40 194 278 130 132 215 218 250
  162 228]] 
Fitness: [18512 12028 12158 11891 12277 12168 12304 12249 12195 14386 11984 12252
 12296 12168 14388 12275 12281 12275 12234 12298] 
Iteration: 35 
Particle positions: [[270 290 274 290 290 290 151 258 290 137 213 244 187 290 165 234 239 248
  229 290]] 
Fitness: [12287 12303 12292 12303 12304 12303 12209 12277 12303 12183 12271 12270
 12286 12303 12242 12306 12312 12274 12299 12303] 
Iteration: 36 
Particle positions: [[241 290 290 290 216 290 265 227 290 236 290 252 209 290 219 234 244 290
  264 165]] 
Fitness: [12313 12303 12304 12303 12277 12303 12281 12297 12303 12309 12303 12276
 12267 12304 12282 12307 12273 12304 12279 12241] 
Iteration: 37 
Particle positions: [[193 290 290 290 238 290 239 228 290 205 205 240 283 197 159 217 238 290
  185 212]] 
Fitness: [12250 12304 12303 12304 12310 12304 14626 12298 12304 12263 12263 12312
 12300 12255 12226 12279 12311 12304 12282 12269] 
Iteration: 38 
Particle positions: [[233 181 226 255 229 240 222 234 269  76 239 227 255 219 166 236 235 259
  256 290]] 
Fitness: [12305 12276 12294 12276 12300 12312 12289 12306 12286 12057 12312 12297
 12277 12283 12244 12308 12307 12277 12277 12304] 
Iteration: 39 
Particle positions: [[221 209 280 162 225 185 235 224 233 256 246 218 186 235 213 226 233 244
  256 147]] 
Fitness: [18533 12267 12298 12234 12293 12283 12307 12292 12305 12277 12273 12281
 12285 12306 12271 12295 12305 12271 12277 12202] 
Iteration: 40 
Particle positions: [[215 290 262 252 230 230 224 236 204 276 201 250 219 233 164 237 237 236
  215 145]] 
Fitness: [12275 12303 12278 12275 12301 12300 12292 12308 12262 12294 12260 12275
 12283 12305 12239 12309 12309 12308 12276 12199] 
Iteration: 41 
Particle positions: [[221 290 226 281 222 254 229 242 273   3 243 234 238 224 165 221 230 206
  204 290]] 
Fitness: [18521 12304 12295 12298 12289 12276 12300 12314 12291 11827 12315 12306
 12310 12292 12242 18517 12301 12265 12263 12304] 
Iteration: 42 
Particle positions: [[223 198 253 185 230 227 243 218 248  99 228 232 218 227 150 213 216 267
  258 290]] 
Fitness: [12290 12256 12277 12282 12301 12296 12315 12281 12274 12127 12298 12303
 12280 12297 12207 12271 12277 12283 12277 12303] 
Iteration: 43 
Particle positions: [[221 290 283 268 244 230 235 239 214 290 245 218 227 231 126 227 218 223
  225 231]] 
Fitness: [18509 12303 12300 12285 12271 12301 12307 12311 12273 12303 12271 12281
 12296 12303 12203 12297 12282 12290 12293 12302] 
Iteration: 44 
Particle positions: [[220 274 194 208 204 233 215 223 207 290 214 247 241 229 199 216 260 221
  208 205]] 
Fitness: [12285 12292 12251 12266 12262 12305 12275 12290 12265 12303 12273 12273
 12313 12299 12258 12277 12277 18507 12266 12263] 
Iteration: 45 
Particle positions: [[222 209 253 204 278 223 254 226 256 201 209 252 229 234 182 223 182 220
  239 249]] 
Fitness: [12288 12266 12275 12263 12296 12290 12276 12295 12277 12259 12267 12276
 12300 12307 12277 12290 12278 12284 14681 12274] 
Iteration: 46 
Particle positions: [[221 290 274 231 219 232 239 232 202  43 279 247 212 220 130 222 217 221
  225 214]] 
Fitness: [18500 12303 12292 12303 12283 12304 12311 12304 12261 11996 12297 12273
 12269 12285 12168 12288 12280 18494 12293 12273] 
Iteration: 47 
Particle positions: [[220 252 246 235 198 237 201 242 253 -24 254 208 252 228 247 218 264 221
  233 248]] 
Fitness: [12285 12276 12273 12307 12257 12310 12260 12314 12276 13115 12277 12265
 12276 12298 12273 12281 12279 18488 12304 12274] 
Iteration: 48 
Particle positions: [[221 204 242 229 290 244 288 243 248 149 163 249 245 224 196 225 256 221
  235 213]] 
Fitness: [12287 12263 12314 12299 12304 12271 12302 12315 12273 12206 12237 12275
 12271 12292 12255 12293 12277 12287 12307 12271] 
Iteration: 49 
Particle positions: [[221 290 212 223 151 244 236 212 225 290 290 207 192 231  82 221 243 221
  234 231]] 
Fitness: [18481 12303 12269 12290 12209 12271 12309 12269 12293 12303 12304 12265
 12249 12302 12073 12286 12315 18500 12306 12301] 
Object: 1 
Iteration: 0 
Particle positions: [[   1  115  160 -292 -262  -21  224   26  -63 -122  142  259   53 -262
  -228  175 -246  -16  184 -230]] 
Fitness: [12156 12359 12398 10024 10334 12065 12344 12198 11855 11508 12379 12264
 12271 10334 10662 12405 10526 12086 12363 10643] 
Iteration: 1 
Particle positions: [[ 104  118  189   61 -196   91  181   99  133  182  192  184   85 -199
   290  176  265  290  174   81]] 
Fitness: [12388 12363 12361 12292 10952 12365 12405 12379 12375 12405 12360 12363
 12353 10926 12217 12405 12253 12217 12404 12344] 
Iteration: 2 
Particle positions: [[244 141 158 290 -40 254 140 287 290 290 114 107 283 110 290 176 290 290
  166 290]] 
Fitness: [12331 12378 12397 12217 11975 12272 12378 12221 12217 12217 12359 12392
 12226 12354 12217 12405 12217 12216 12401 12216] 
Iteration: 3 
Particle positions: [[269 200 160 103 290  -6 195 210 103 229  82  41 290 290 290 175 290 290
  167 290]] 
Fitness: [12244 12355 12398 12386 12217 12129 12359 12347 12386 12342 12346 12241
 12217 12216 12216 12405 12217 12216 12403 12217] 
Iteration: 4 
Particle positions: [[ 65 209 178  86 290 116 200  90 -13  75 186 126 126 290 290 176 290  96
  175  43]] 
Fitness: [12304 12348 12405 12355 12216 12360 12355 12363 12099 12330 12362 12370
 12370 12216 12217 12405 12217 12374 12405 12247] 
Iteration: 5 
Particle positions: [[  47  193  191   74  290  206  164  116  187  269  253  223   -4 -125
   290  176  290   79  181   30]] 
Fitness: [12258 12360 12361 12327 12217 12351 12401 12362 12361 12244 12273     0
 12136 11488 12217 12405 12217 12339 12405 12211] 
Iteration: 6 
Particle positions: [[114 133 154 244 279  72 180 144 259 124 137 202 190 127 277 175 154 158
  179 235]] 
Fitness: [12359 12375 12392 12330 12232 12323 12405 12381 12264 12369 12377 12354
 12361 12371 12233 12405 12393 12397 12406 12339] 
Iteration: 7 
Particle positions: [[153 109 193 131 244 156 192 204 160 129  57  38 290 290 175 179  59 228
  177  47]] 
Fitness: [12392 12352 12360 12374 12330 12395 12360 12353 12398 12372 12280 12235
 12217 12217 12405 12406 12287 12342 12406 12258] 
Iteration: 8 
Particle positions: [[217 169 170  96 201 247 183 144 112 243 247 133  19 152  96 182 140 152
  179 160]] 
Fitness: [12346 12403 12404 12374 12355 12326 12406 12382 12357 12331 12326 12375
 12176 12392 12374 12405 12379 12392 12405 12398] 
Iteration: 9 
Particle positions: [[197 229 172 125 153 170 175 150 176 232  97 257  83  47 117 179 290 109
  180 279]] 
Fitness: [12357 12341 12404 12370 12393 12404 12404 12389 12405 12341 12376 15839
 12348 12257 12362 12404 12217 12351 12405 12231] 
Iteration: 10 
Particle positions: [[240 187 182 290 275 204 271 290 290 162 145 290 290  95 290 290 290 160
  261 135]] 
Fitness: [12334 12361 12405 12217 12236 12352 12240 12216 12217 12400 12384 12217
 12218 12373 12217 12217 12217 12397 12259 12377] 
Iteration: 11 
Particle positions: [[266 172 204 276 290 290 167 142 290 260 290 268 242 271 290 286 236 269
  245 163]] 
Fitness: [12251 12404 12352 12235 12216 12217 12402 12379 12217 12262 12216 12246
 12331 12240 12217 12223 12338 12244 12329 12400] 
Iteration: 12 
Particle positions: [[159 217 224 239 102 281 239 247 216 290 188 228  34 290 174 235  89 177
  176 243]] 
Fitness: [12397 12345 12344 12335 12384 12230 12334 12325 12345 12217 12361 12342
 12223 12216 12404 12338 12361 12406 12405 12330] 
Iteration: 13 
Particle positions: [[113 238 168   0 117 219 251 156 174 220 177 265 -42 290  86 168 177 195
  258 290]] 
Fitness: [12358 12335 12403 12152 12362 12345 12277 12395 12404 12345 12406 12252
 11965 12217 12355 12402 12406 12359 12266 12216] 
Iteration: 14 
Particle positions: [[175 193 152 109 290 174 220 106 275 123 290 275 290 267  38 175 290 290
  249 185]] 
Fitness: [12405 12360 12391 12352 12216 12405 12345 12391 12236 12368 12217 12236
 12217 12248 12234 12405 12217 12217 12279 12362] 
Iteration: 15 
Particle positions: [[290 180 290 267 290 258 203 249 290 238 290 259 290  94 290 227 290 192
  167 210]] 
Fitness: [12217 12405 12217 12248 12217 12265 12353 12279 12217 12336 12216 12263
 12217 12371 12216 12344 12217 12360 12402 12346] 
Iteration: 16 
Particle positions: [[186 290 290 127 172 220 174 191 108 273 157 242 275 199 290 219 213 118
  237 180]] 
Fitness: [12361 12217 12217 12371 12403 12345 12404 12361 12351 12238 12396 12332
 12236 12356 12216 12345 12346 12363 12336 12405] 
Iteration: 17 
Particle positions: [[150 290 216 149 109 199 249 208 254 140 261 250  54 290 290 228 140 209
  276 277]] 
Fitness: [12389 12216 12346 12388 12352 12356 12279 12348 12273 12378 12260 12278
 12274 12217 12216 12342 12378 12347 12235 12234] 
Iteration: 18 
Particle positions: [[286 140 189 290 290 180 208 194 290 290 290 271 244  86 174 248 290 283
  142 230]] 
Fitness: [    0 12378 12361 12217 12217 12406 12348 12359 12217 12217 12217 12240
 12329 12354 12405 12325 12217 12227 12380 12342] 
Iteration: 19 
Particle positions: [[267  64 208 290 290 234 250 190 197 248 114 256 290 282 130 269 290 212
  248 181]] 
Fitness: [12248 12301 12348 12218 12217 12339 12277 12361 12357 12324 12359 12269
 12216 12228 12373 12245 12217 12346 12324 12406] 
Iteration: 20 
Particle positions: [[154 290 215  95 145 290 222 263 221 167 115 247 212 290 290 208 202 202
  210 208]] 
Fitness: [12393 12216 12346 12372 12383 12217 12344 12257 12345 12402 12359 12326
 12346 12217 12217 12348 12354 12354 12347 12348] 
Iteration: 21 
Particle positions: [[152 290 198 175  57 121 169 205 184 208 290 263 104 178 262 227 165 151
  206 265]] 
Fitness: [12392 12217 12357 12405 12281 12366 12403 12352 12362 12348 12217 12257
 12386 12405 12258 12343 12401 12391 12350 12253] 
Iteration: 22 
Particle positions: [[222 290 217 290 290 290 220 151 194 207 290 256 218 194 185 225 163 231
  261 216]] 
Fitness: [12345 12217 12346 12217 12216 12217 12345 12391 12359 12350 12217 12269
 12345 12359 12362 12344 12400 12341 12260 12346] 
Iteration: 23 
Particle positions: [[255 202 186 229 229 220 214 286 199 214 169 253  94 290 196 242 290 278
  281 193]] 
Fitness: [12271 12354 12361 12342 12342 12345 12346 12223 12355 12346 12403 12274
 12371 12218 12358 12331 12217 12233 12229 12359] 
Iteration: 24 
Particle positions: [[121 240 185 145 172 204 237 177 209 186 235 253 290 190 277 254 281 159
  217 181]] 
Fitness: [12366 12334 12362 12384 12404 12352 12336 12405 12347 12362 12338 12273
 12217 12361 12233 12272 12229 12397 12345 12406] 
Iteration: 25 
Particle positions: [[ 94 223 190 114 274 193 252 117 195 209 278 259 290 208 254 228 162 273
  149 234]] 
Fitness: [12371     0 12361 12358 12237 12359 12275 12362 12359 12348 12233 12264
 12217 12348 12273 12342 12399 12237 12388 12339] 
Iteration: 26 
Particle positions: [[290 217 253 290 170 250 131 290 228 243 205 259 186 233 106 186 212 156
  238 276]] 
Fitness: [12217 12345 12273 12217 12403 12277 12373 12217 12343 12331 12351 12263
 12363 12340 12390 12362 12345 12395 12335 12235] 
Iteration: 27 
Particle positions: [[189 189 205 290 206 288 255 290 190 197 175 257 141 190 185 188 248 154
  199 245]] 
Fitness: [12361 12362 12351 12216 12350 12220 12271 12217 12360 12356 12406 16007
 12378 12361 12362 12361 12325 12394 12355 12329] 
Iteration: 28 
Particle positions: [[212 279 171 197 258  71 254 153 178 244 290 256 237 241 265 229 253 290
  190 120]] 
Fitness: [12345 12232 12403 12357 12266 12320 12272 12392 12405 12329 12217 12269
 12337 12332 12253 12342 12274 12217 12361 12365] 
Iteration: 29 
Particle positions: [[290 222 290 147 259 290 218 108 290 206 146 256 154 177 179 216 161 290
  190 179]] 
Fitness: [12216 12344 12217 12386 12264 12217 12346 12351 12217 12350 12385 12269
 12393 12406 12406 12346 12399 12217 12361 12405] 
Iteration: 30 
Particle positions: [[175 189 190 290 161 258 203 290 201 167 135 258 138 152 199 193 182 111
  208 290]] 
Fitness: [12405 12361 12361 12217 12399 12265 12353 12218 12354 12402 12376 12266
 12377 12391 12356 12359 12405 12355 12348 12217] 
Iteration: 31 
Particle positions: [[213 203 245 198 224 179 258 290 168 255 290 258 163 290 290 276 253 137
  234 279]] 
Fitness: [12346 12353 12328 12356 12345 12405 12266 12217 12403 12271 12216 12265
 12401 12217 12217 12235 12273 12377 12339 12231] 
Iteration: 32 
Particle positions: [[270 212 154 152 281 171 267 124 224 290 267 254 279 109 225 216 271 290
  237 141]] 
Fitness: [12242 12346 12393 12391 12229 12403 12249 12369 12344 12217 12248 12272
 12232 12352 12344 12346 12240 12217 12336 12378] 
Iteration: 33 
Particle positions: [[201 217 290 290 210 249 216 114 207 279 120 257 200 102 189 167 168 233
  167 161]] 
Fitness: [12354 12346 12217 12217 12346 12280 12346 12358 12350 12232 12365 16063
 12355 12384 12361 12403 12404 12339 12402 12398] 
Iteration: 34 
Particle positions: [[241 290 227 170 168 163 197 290 198  64 176 259 239 231 263 290 133 108
  190 226]] 
Fitness: [12333 12216 12343 12403 12402 12400 12357 12216 12357 12302 12406 12264
 12334 12341 12257 12216 12375 12351 12361 12343] 
Iteration: 35 
Particle positions: [[249 126 157 148 199 234 200 290 245 290 290 255 160 290 146 290 153 284
  290 213]] 
Fitness: [12280 12370 12396 12387 12355 12339 12356 12218 12328 12217 12218 12271
 12398 12217 12385 12217 12392 12225 12218 12346] 
Iteration: 36 
Particle positions: [[117 290 156 290 268 219 210  73 204 290 220 258 287 113 156 285 290 290
  273 175]] 
Fitness: [12361 12217 12395 12217 12246 12345 12346 12325 12352 12218 12345 12266
 12221 12358 12395 12224 12217 12216 12237 12405] 
Iteration: 37 
Particle positions: [[156 290 287 290 109 167 242 290 185 192 203 258 170 290 290 191 220 238
  133 277]] 
Fitness: [12394 12217 12221 12218 12352 12401 12332 12216 12363 12361 12353 12266
 12403 12217 12216 12361 12346 12336 12375 12233] 
Iteration: 38 
Particle positions: [[227 104 174 260 106 229 195 290 206 190 244 256 209 203 290 193 140 223
  137 230]] 
Fitness: [12343 12387 12405 12261 12390 12342 12359 12216 12350 12361 12330 12269
 12347 12353 12217 12359 12378     0 12376 12341] 
Iteration: 39 
Particle positions: [[226 290 130 228 273 261 268 120 254 220 212 256 234 178 176 243 169 251
  191 180]] 
Fitness: [12344 12217 12373 12343 12238 12261 12246 12365 12272 12345 12346 12269
 12339 12405 12405 12330 12403 12277 12360 12406] 
Iteration: 40 
Particle positions: [[246 211 266 218 290 265 181 147 247 262 200 257 215 167 261 177 290 226
  235 280]] 
Fitness: [12327 12346 12250 12345 12217 12253 12406 12386 12326 12259 12355 16129
 12346 12402 12260 12405 12216 12343 12339 12230] 
Iteration: 41 
Particle positions: [[183 163 221 233  72 256 277 245 204 136 245 257 200 183 218 177 187 217
  213 270]] 
Fitness: [12405 12400 12345 12340 12322 12269 12234 12329 12352 12376 12328 16138
 12356 12406 12346 12406 12362 12346 12345 12242] 
Iteration: 42 
Particle positions: [[256 216 220 179 167 186 284 200 224 289 176 257 253 290 201 290 131 183
  223 138]] 
Fitness: [12269 12345 12345 12405 12402 12362 12225 12355 12345 12218 12405 16148
 12273 12217 12355 12217 12374 12406 15173 12378] 
Iteration: 43 
Particle positions: [[215 237 170 254 290 243 217 249 189 225 230 257 182 194 236 145 290 227
  234 132]] 
Fitness: [12346 12337 12403 12272 12216 12331 12346 12279 12361 12344 12342 16157
 12406 12359 12338 12383 12216 12343 12339 12375] 
Iteration: 44 
Particle positions: [[207 187 274 269 269 258 197 153 259 185 290 257 282 155 274 262 281 182
  270 149]] 
Fitness: [12349 12361 12237 12244 12245 12266 12358 12392 12264 12362 12217 16168
 12227 12394 12238 12258 12229 12405 12242 12388] 
Iteration: 45 
Particle positions: [[223 206 287 237 228 236 218 148 233 290 201 257 221 290 176 233 149 190
  185 214]] 
Fitness: [    0 12350 12221 12337 12343 12337 12346 12387 12340 12217 12355 16176
 12345 12216 12405 12339 12388 12361 12363 12346] 
Iteration: 46 
Particle positions: [[161 248  93 188 191 163 253 230 135 142 240 257 164 185 192 169 182 275
  283 224]] 
Fitness: [12399 12325 12369 12361 12360 12400 12274 12341 12376 12380 12334 12267
 12400 12362 12360 12403 12406 12236 12227 12344] 
Iteration: 47 
Particle positions: [[187 198 228 237 242 207 262 290 290 217 191 257 290 217 242 182 247 202
  211 263]] 
Fitness: [12362 12357 12343 12336 12333 12350 12258 12216 12217 12346 12360 16195
 12217 12346 12331 12406 12326 12354 12346 12257] 
Iteration: 48 
Particle positions: [[236 277 240 218 179 279 127  77 218 267 267 257 230 216 222 279 266 157
  268 117]] 
Fitness: [12337 12234 12334 12346 12406 12232 12371 12335 12346 12249 12248 12267
 12341 12346 12345 12232 12250 12396 12246 12362] 
Iteration: 49 
Particle positions: [[215 126 217 179 275 241 290 290 229 152 225 257 227 196 225 192 242 155
  267 290]] 
Fitness: [12346 12370 12346 12405 12235 12333 12216 12216 12342 12392 12344 16215
 12343 12358 12344 12360 12332 12395 12249 12217] 
Object: 2 
Iteration: 0 
Particle positions: [[  64 -227  119   54  -42  -83 -284 -120  139 -271  233   31 -199  -91
  -174 -271 -279 -160  260  131]] 
Fitness: [12588 10290 12678 12602 12170 11882  9207 11559 12691  9467 12516 12528
 10693 11818 11001  9467  9340 11187 12442 12688] 
Iteration: 1 
Particle positions: [[ 124 -106  124  199  109   97 -222  290  139  227  182   90   47   28
   123  290  290  280  165  136]] 
Fitness: [12683 11688 12683 12615 12666 12647 10379 12357 12691 12571 12629 12637
 12582 12517 12682 12358 12358 12390 12646 12691] 
Iteration: 2 
Particle positions: [[201 290 135 290 290 290  -4 290 140 290  70 198 290 225 290 290 290 290
   55 141]] 
Fitness: [12613 12357 12691 12358 12358 12358 12375 12357 12691 12358 12603 12615
 12357 12575 12357 12356 12357 12358 12565 12693] 
Iteration: 3 
Particle positions: [[ 84 290 150 186 225 255 290 290 141 290 231 152 234 290 290 290 290 290
  221 145]] 
Fitness: [12628 12357 12691 12624 12576 12455 12357 12358 12692 12357 12521 12653
 12515 12357 12357 12357 12357 12357 12582 12693] 
Iteration: 4 
Particle positions: [[ 105  290  124   55  -75   80  290  200  142  248  290  104 -144  181
    99  290  290  186  166  143]] 
Fitness: [12659 12358 12682 12565 11945 12622 12358 15165 12693 12477 12356 12657
 11366 12629 12648 12357 12357 12624 12646 12693] 
Iteration: 5 
Particle positions: [[285 290 255 208 258 -50  30 123 258 141 183 166  48  95 -48 290 290 116
  174 155]] 
Fitness: [12374 12358 12455 12604 12446 12119 12524 12682 12446 12693 12626 12645
 12584 12643 12132 12358 12357 12674 12638 12652] 
Iteration: 6 
Particle positions: [[  12  203  268  290  290   78 -100   99  111  125  107  187  287  144
   249  209  228  163  197  205]] 
Fitness: [12451 13097 12422 12358 12357 12619 11740 12649 12668 12684 12662 12624
 12368 12693 12473 12603 12569 12649 12617 13458] 
Iteration: 7 
Particle positions: [[180 125  52 188 222 209 240 290 176 214 138 163 290 277 290 128 149 243
  196 240]] 
Fitness: [12631 12683 12597 12623 12580 12603 12499 12357 12636 12595 12691 12648
 12358 12399 12357 12686 12692 12490 12617 12499] 
Iteration: 8 
Particle positions: [[290 228 215 115 -43 190 290 290 193 265 265 106 111 148 245 120 132  37
  160 179]] 
Fitness: [12357 12568 12594 12675 12162 12622 12357 12358 12620 12430 12430 12661
 12669 12692 12485 12678 12689 12550 12650 12633] 
Iteration: 9 
Particle positions: [[  40  279  284  201  -60   64 -252  145  152   87  204   92  114   45
    62  182  226  204  192  186]] 
Fitness: [12559 12392 12377 13823 12051 12589  9881 12693 12653 12634 13265 12640
 12673 12576 12585 12628 12573 13267 12621 12624] 
Iteration: 10 
Particle positions: [[-36 172  22 270 -19 190 232  83 172  34 148 290 284 258  -1 172 155 290
  187 219]] 
Fitness: [12205 12641 12493 12417 12297 12622 12520 12628 12641 12539 12692 12358
 12377 12446 12391 12641 12652 12358 12624 12586] 
Iteration: 11 
Particle positions: [[161 185   8 212 290 271 290  42 201 167 134 278 -18 197 178 143 134  82
  185 218]] 
Fitness: [12650 12624 12433 12598 12358 12415 12358 12566 12613 12645 12689 12395
 12302 12616 12634 12693 12690 12626 12625 12588] 
Iteration: 12 
Particle positions: [[290 210 290 154 290 267 232 204 111 290 217 250 106  89 245 153 158 290
  145 183]] 
Fitness: [12357 12601 12358 12653 12358 12424 12519 13273 12668 12357 12589 12470
 12661 12635 12485 12654 12650 12357 12694 12628] 
Iteration: 13 
Particle positions: [[ 287  207  290  190  114  191 -220  290  123  -18  277  -14  285  164
    45  224  190  197  202  200]] 
Fitness: [12367 13149 12357 12622 12672 12622 10353 12358 12682 12302 12398 12322
 12374 12647 12577 12577 12622 12617 13228 15194] 
Iteration: 14 
Particle positions: [[ 48 200  80 243  -9 -30  29 282 268 184 188  15 149 282 114 184 149 142
  242 213]] 
Fitness: [12586 15195 12621 12491 12351 12238 12521 12384 12422 12627 12623 12464
 12692 12383 12672 12625 12693 12692 12494 12596] 
Iteration: 15 
Particle positions: [[-32 194 231 238 290   2 281  70 275 274 154 290 109 212 234 148 215 180
  208 195]] 
Fitness: [12226 12619 12521 12504 12358 12405     0 12602 12404 12407 12652 12358
 12666 12597 12513 12692 12594 12631 12683 12618] 
Iteration: 16 
Particle positions: [[290 197 181 182 290 138  47 -31  45 -32 229 290 279  86 273 163 204 260
  178 188]] 
Fitness: [12358 12617 12630 12629 12357 12692 12581 12232 12577 12226 12566 12357
 12392 12632 12409 12648 13283 12441 12634 12624] 
Iteration: 17 
Particle positions: [[290 204 108 171  38 290 113 290  56 290 235 193 242 184  62 149 194 194
  185 215]] 
Fitness: [12357 13285 12663 12642 12554 12357 12671 12358 12568 12357 12512 12621
 12493 12625 12583 12693 12618 12620 12625 12594] 
Iteration: 18 
Particle positions: [[176 203 168 175 180 287 209 290 192 290 155  63 -11 201 162 183 200 161
  210 213]] 
Fitness: [12636 12611 12645 12638 12631 12368 12602 12358 12621 12357 12651 12586
 12338 13850 12648 12627 15208 12649 12600 12596] 
Iteration: 19 
Particle positions: [[ 29 191 228 221 210  31 130 290 239 196 115 116 287 213 221 163 204 223
  210 195]] 
Fitness: [12521 12621 12569 12583 12601 12528 12687 12358 12502 12617 12675 12675
 12367 12596 12583 12648 12609 12579 12601 12618] 
Iteration: 20 
Particle positions: [[290 195 225 216 161 154 147 134  89  38 290 160 165 200 117 161 193 228
  186 193]] 
Fitness: [12357 12618 12576 12592 12650 12653 12692 12690 12636 12553 12357 12650
 12646 15212 12675 12650 12620 12569 12624 12620] 
Iteration: 21 
Particle positions: [[249 208  83 170 112 222 190 150  85 146 250 168  98 191 112 209 193 189
  177 200]] 
Fitness: [12474 12604 12626 12643 12670 12581 12622 12693 12631 12693 12470 12644
 12647 12621 12670 12603 12620 12623 12636 15216] 
Iteration: 22 
Particle positions: [[153 204 246 234 217 249 195 290 290 290  63 158 200 201 187 216 202 172
  193 205]] 
Fitness: [12653 13296 12483 12515 12590 12473 12618 12357 12357 12358 12587 12651
 15218 13859 12624 12592 13249 12641 12620 13501] 
Iteration: 23 
Particle positions: [[ 82 191 282 173 130  31 179 189 290 149 186 119 269 205 202 172 206 202
  222 200]] 
Fitness: [12625 12621 12383 12640 12687 12528 12632 12623 12358 12693 12624 12678
 12419 13501 13250 12641 12605 13250 12582 15221] 
Iteration: 24 
Particle positions: [[ 68 200 -10 190 155 174 154 126  52 131 290 235  90 194 209 123 204 222
  180 196]] 
Fitness: [12598 15221 12345 12623 12652 12639 12652 12685 12597 12689 12357 12511
 12638 12619 12602 12683 13304 12581 12632 12617] 
Iteration: 25 
Particle positions: [[ 92 206 238 223 191 287 136 248 208 192 264 129 132 193 189 105 190 163
  164 206]] 
Fitness: [12641 13534 12505 12579 12621 12368 12691 12476 12653 12620 12432 12687
 12689 12619 12623 12659 12621 12648 12647 13537] 
Iteration: 26 
Particle positions: [[290 192 201 226 159  48 143 199 209 150 136 114 290 194 214 169 214 267
  221 209]] 
Fitness: [12357 12622 13869 12573 12650 12585 12692 12614 12603 12693 12691 12672
 12358 12619 12595 12644 12595 12424 12583 12603] 
Iteration: 27 
Particle positions: [[ 92 199 176 182 105 181 208 168 124 213 221 180 279 205 201 203 201 176
  217 185]] 
Fitness: [12640 12614 12636 12629 12659 12630 12649 12645 12684 12597 12583 12631
 12392 13512 13873 13153 13873 12636 12590 12625] 
Iteration: 28 
Particle positions: [[ 18 205 225 192 127 232 187 219 201 140 235 218 126 204 191 224 191 152
  199 201]] 
Fitness: [12477 13514 12576 12620 12685 12519 12624 12586 13875 12693 12511 12587
 12685 13314 12622 12578 12621 12653 12614 13878] 
Iteration: 29 
Particle positions: [[220 196 236 218 276  52 182 216 247 185 201 233 200 196 203 192 200 202
  192 209]] 
Fitness: [12584 12618 12510 12588 12401 12597 12628 12592 12478 12625 13879 12517
 15238 12617 13159 12621 15240 13269 12621 12603] 
Iteration: 30 
Particle positions: [[208 200 173 208  27  32 177 179 220 228 179 155 245 203 203 204 205 230
  209 203]] 
Fitness: [12640 15241 12639 12603 12512 12532 12634 12632 12584 12569 12632 12652
 12485 12610 12610 13321 13521 12523 12602 12610] 
Iteration: 31 
Particle positions: [[180 202 228 195 207 213 116 199 143 164 193 124 205 204 200 207 196 178
  201 190]] 
Fitness: [12631 12612 12569 12618 13205 12597 12675 12613 12692 12647 12620 12683
 13524 13323 15245 13205 12618 12634 12612 12622] 
Iteration: 32 
Particle positions: [[120 198 208 192 290 231 247 212 247 150 220 246 173 196 198 202 199 204
  197 183]] 
Fitness: [12679 12615 12635 12621 12359 12521 12479 12598 12479 12693 12584 12483
 12639 12617 12616 13277 12614 13326 12616 12627] 
Iteration: 33 
Particle positions: [[200 198 176 207 290 129 183 197 252 191 193  82 185 194 203 197 203 215
  206 193]] 
Fitness: [15247 12616 12637 13209 12357 12686 12627 12616 12465 12622 12620 12626
 12625 12620 13171 12616 12610 12594 13559 12620] 
Iteration: 34 
Particle positions: [[245 200 230 198  60 229 156 196 193 143 186  82 218 208 196 201 194 199
  201 203]] 
Fitness: [12485 12614 12523 21248 12579 12567 12652 12618 12620 12693 12624 12626
 12589 12604 12618 13894 12620 17616 13894 12610] 
Iteration: 35 
Particle positions: [[180 198 206 193 290 130 149 201 171 160 215 290 188 199 196 198 193 190
  195 202]] 
Fitness: [12632 12616 13563 12620 12357 12687 12693 12613 12642 12649 12594 12357
 12624 12615 12617 12615 12619 12622 12618 13287] 
Iteration: 36 
Particle positions: [[179 200 182 200 116 175 145 200 233 204 210 129 181 194 202 197 210 193
  194 197]] 
Fitness: [12633 15257 12628 15257 12675 12638 12693 12614 12517 13336 12601 12687
 12630 12619 13288 12617 12601 12620 12619 12617] 
Iteration: 37 
Particle positions: [[258 200 226 201 213 201 169 198 231 217 178  75 238 195 199 200 188 211
  201 197]] 
Fitness: [12445 15260 12574 13901 12597 12613 12644 12615 12522 12590 12633 12613
 12504 12618 12614 15264 12623 12600 13904 12618] 
Iteration: 38 
Particle positions: [[119 197 159 195 243 153 178 199 192 168 229  84 126 201 199 198 197 193
  200 198]] 
Fitness: [12678 12616 12650 12619 12491 12653 12633 12615 12619 12644 12567 12629
 12684 13906 17628 12614 12617 12619 15267 12616] 
Iteration: 39 
Particle positions: [[215 196 193 200 156 204 180 199 175 208 222 247 106 201 197 199 207 189
  196 201]] 
Fitness: [12594 12617 12620 15267 12651 13345 12631 12615 12637 12603 12581 12479
 12661 13908 12617 17632 13227 12623 12618 12613] 
Iteration: 40 
Particle positions: [[226 203 224 197 222 230 170 199 229 209 176  68 290 197 200 198 194 219
  197 195]] 
Fitness: [12573 13189 12577 12616 12581 12523 12643 12614 12567 12602 12635 12598
 12358 12617 15272 12616 12619 12587 12616 12619] 
Iteration: 41 
Particle positions: [[214 196 160 197 191 235 146 199 165 189 235 251 256 197 200 198 193 191
  200 207]] 
Fitness: [12596 12616 12650 12616 12622 12512 12694 12615 12648 12623 12512 12467
 12451 12617 12614 12616 12620 12620 15275 13234] 
Iteration: 42 
Particle positions: [[205 201 218 197 185 159 167 200 219 207 183 276 173 197 197 199 199 194
  199 202]] 
Fitness: [13553 13915 12589 12616 12625 12650 12645 12614 12586 13235 12628 12401
 12639 12616 12616 17640 12615 12620 12614 13306] 
Iteration: 43 
Particle positions: [[181 197 224 199 202 246 181 199 221 210 198  76 197 200 200 198 200 205
  198 196]] 
Fitness: [12631 12616 12578 12614 12611 12482 12630 17643 12583 12601 12615 12615
 12616 15279 15280 12615 15280 13558 12615 12616] 
Iteration: 44 
Particle positions: [[204 197 185 197 212 231 150 197 187 189 206  70 215 201 197 198 197 199
  198 202]] 
Fitness: [13358 12616 12625 12616 12599 12521 12693 12616 12624 12622 13590 12602
 12594 13923 12616 12616 12617 12615 12615 13312] 
Iteration: 45 
Particle positions: [[197 200 181 198 204 144 227 198 182 218 196 278 167 195 199 198 201 195
  199 201]] 
Fitness: [12617 15284 12630 12616 13362 12693 12570 12615 12629 12588 12617 12395
 12644 12619 12614 12615 13926 12617 12615 13927] 
Iteration: 46 
Particle positions: [[194 200 239 198 200 193 163 200 197 225 196 118 210 199 200 198 198 201
  199 197]] 
Fitness: [12619 15287 12502 12617 15287 12619 12648 15288 12617 12576 12617 12677
 12601 12615 15289 12616 12616 13930 12614 12617] 
Iteration: 47 
Particle positions: [[204 199 166 198 196 233 155 197 211 187 206 213 191 200 198 199 197 201
  199 200]] 
Fitness: [13365 17653 12646 12615 12617 12517 12651 12616 12599 12624 12606 12596
 12622 15290 12615 17655 12617 13932 17655 15291] 
Iteration: 48 
Particle positions: [[205 197 180 198 200 131 163 201 199 200 190 195 194 198 198 199 198 196
  199 199]] 
Fitness: [13569 12617 12631 12615 12613 12689 12648 12613 12614 15294 12623 12618
 12619 12616 12616 12615 12616 12618 17658 12614] 
Iteration: 49 
Particle positions: [[200 197 225 198 199 194 149 195 192 204 199 155 205 201 198 197 199 195
  197 199]] 
Fitness: [15295 12617 12576 12616 12614 12619 12693 12618 12622 13373 12614 12652
 13573 13938 12616 12617 12615 12618 12617 12615] 
place side object: 1 
Object: 0 
Iteration: 0 
Particle positions: [[ -77  184  268  187  102    5 -200  -44  268 -236  109 -256  227  -23
  -174 -136  -20 -144   78  211]] 
Fitness: [10697 11981 12281 11995 11631 11134  9901 10897 12281  9691 11666  9535
 12170 10968 10054 10280 10986 10232 11552 12099] 
Iteration: 1 
Particle positions: [[290 290 268 225 269  57 -17 290 268 290 290 286 290 188   3 290 290 290
  154 222]] 
Fitness: [12318 12318 12281 12162 12285 11432 11004 12318 12280 12318 12318 12348
 12318 12000 11123 12318 12317 12317 11890 12149] 
Iteration: 2 
Particle positions: [[290 290 290 290 290 167 290 290 288 290 290 290 290 290 290 290 290 290
  290 288]] 
Fitness: [12318 12318 12318 12317 12318 11953 12317 12318 12312 12318 12318 12317
 12317 12318 12318 12318 12318 12318 12317 12311] 
Iteration: 3 
Particle positions: [[290 290 290 290 290 290 290 290 290 290 290 290 290 290 290 290 290 290
  290 290]] 
Fitness: [12317 12318 12317 12317 12319 12318 12318 12318 12317 12318 12318 12318
 12318 12318 12317 12318 12318 12318 12318 12317] 
Iteration: 4 
Particle positions: [[290 290 290 290 290 290 290 290 290 290 290 290 290 290 290 290 290 290
  290 290]] 
Fitness: [12318 12317 12318 12317 12317 12317 12318 12318 12318 12317 12318 12318
 12318 12317 12318 12318 12318 12317 12317 12318] 
Iteration: 5 
Particle positions: [[290 290 290 290 290 290 290 290 290 290 290 290 290 290 290 290 290 290
  290 290]] 
Fitness: [12318 12317 12318 12318 12317 12318 12318 12318 12318 12317 12318 12318
 12318 12318 12318 12317 12318 12317 12318 12318] 
Iteration: 6 
Particle positions: [[290 290 290 290 290 290 290 290 289 290 290 290 290 290 290 290 290 290
  290 290]] 
Fitness: [12317 12318 12317 12318 12318 12318 12318 12317 12315 12318 12318 12318
 12318 12317 12318 12317 12318 12317 12317 12317] 
Iteration: 7 
Particle positions: [[290 290 290 290 290 290 290 290 288 290 290 290 290 290 290 290 290 290
  290 290]] 
Fitness: [12318 12317 12318 12318 12318 12318 12317 12317 12312 12318 12318 12318
 12317 12318 12318 12318 12318 12317 12317 12318] 
Iteration: 8 
Particle positions: [[290 290 283 290 290 290 290 290 285 290 290 290 290 290 290 290 290 290
  290 290]] 
Fitness: [12318 12318 12338 12317 12317 12318 12318 12318 12345 12318 12318 12318
 12318 12317 12318 12318 12318 12317 12318 12317] 
Iteration: 9 
Particle positions: [[290 290 283 290 290 290 290 290 284 290 290 290 290 290 290 290 290 290
  290 290]] 
Fitness: [12317 12317 12338 12318 12318 12318 12317 12318 12341 12317 12318 12318
 12317 12317 12318 12318 12317 12318 12318 12318] 
Iteration: 10 
Particle positions: [[290 290 287 288 290 290 290 290 287 290 290 290 284 290 290 290 290 290
  290 290]] 
Fitness: [12317 12318 12308 12311 12317 12318 12318 12318 12307 12317 12318 12318
 12342 12317 12318 12317 12318 12318 12317 12317] 
Iteration: 11 
Particle positions: [[290 290 282 285 290 290 290 290 288 290 290 290 282 290 290 290 290 290
  290 290]] 
Fitness: [12317 12318 12335 12346 12318 12318 12317 12318 12311 12317 12318 12317
 12335 12317 12318 12318 12318 12317 12318 12318] 
Iteration: 12 
Particle positions: [[290 290 284 283 290 290 290 290 281 290 290 290 288 290 290 290 290 290
  290 283]] 
Fitness: [12318 12318 12342 12339 12318 12318 12318 12318 12332 12318 12317 12318
 12311 12318 12317 12318 12318 12318 12318 12338] 
Iteration: 13 
Particle positions: [[290 290 286 286 289 290 290 290 288 290 290 290 290 290 290 290 290 290
  290 283]] 
Fitness: [12317 12318 12349 12349 12315 12318 12317 12318 12310 12317 12317 12318
 12318 12317 12318 12318 12318 12318 12317 12339] 
Iteration: 14 
Particle positions: [[290 289 287 288 287 290 290 290 290 290 290 290 279 290 290 290 290 290
  290 288]] 
Fitness: [12318 12315 12308 12311 12308 12318 12317 12318 12317 12317 12317 12318
 12324 12318 12317 12317 12318 12318 12317 12312] 
Iteration: 15 
Particle positions: [[287 288 286 285 288 290 290 290 283 290 285 279 284 290 290 290 290 290
  288 284]] 
Fitness: [12308 12311 12349 12345 12311 12318 12319 12317 12339 12318 12345 12324
 12341 12318 12318 12318 12317 12318 12312 12342] 
Iteration: 16 
Particle positions: [[289 290 285 285 289 290 290 287 280 290 281 290 290 288 290 290 290 290
  285 282]] 
Fitness: [12314 12318 12345 12345 12315 12318 12317 12308 12328 12317 12331 12318
 12318 12311 12318 12318 12318 12318 12345 12335] 
Iteration: 17 
Particle positions: [[286 290 285 286 284 287 290 288 290 290 290 290 281 287 285 290 290 290
  284 290]] 
Fitness: [12349 12318 12346 12348 12342 12308 12318 12312 12318 12318 12318 12318
 12331 12308 12346 12318 12317 12318 12342 12318] 
Iteration: 18 
Particle positions: [[284 289 288 286 281 285 290 290 288 290 287 290 281 290 283 290 285 285
  285 283]] 
Fitness: [12342 12315 12311 12350 12331 12346 12317 12317 12311 12318 12308 12318
 12331 12318 12338 12318 12345 12345 12345 12339] 
Iteration: 19 
Particle positions: [[289 287 283 286 290 285 284 288 282 288 281 287 290 288 288 284 283 282
  287 280]] 
Fitness: [12315 12307 12339 12349 12318 12345 12342 12311 12336 12312 12331 12308
 12317 12311 12311 12342 12338 12335 12308 12328] 
Iteration: 20 
Particle positions: [[281 287 287 286 290 285 282 287 282 285 285 282 286 287 286 281 288 290
  283 289]] 
Fitness: [12331 12308 12308 12348 12317 12346 12335 12307 12335 12346 12346 12335
 12349 12308 12349 12331 12311 12318 12338 12315] 
Iteration: 21 
Particle positions: [[289 289 288 286 281 285 290 290 288 284 289 285 283 290 284 285 288 284
  286 284]] 
Fitness: [12314 12314 12311 12349 12332 12346 12318 12317 12311 12342 12315 12346
 12338 12318 12342 12346 12311 12342 12349 12342] 
Iteration: 22 
Particle positions: [[289 287 283 286 285 285 286 290 285 288 286 287 287 290 285 289 285 282
  288 282]] 
Fitness: [12315 12308 12338 12349 12345 12345 12349 12318 12345 12312 12349 12308
 12308 12318 12346 12315 12346 12335 12311 12335] 
Iteration: 23 
Particle positions: [[284 285 286 286 289 287 283 288 283 284 284 287 288 287 289 285 284 289
  283 287]] 
Fitness: [12342 12346 12349 12349 12314 12308 12339 12311 12339 12342 12342 12308
 12311 12308 12314 12345 12341 12314 12339 12308] 
Iteration: 24 
Particle positions: [[286 284 288 286 279 282 288 285 288 284 287 284 282 285 283 283 287 287
  289 283]] 
Fitness: [12348 12342 12312 12349 12324 12335 12311 12345 12311 12341 12308 12342
 12335 12346 12339 12339 12308 12309 12315 12338] 
Iteration: 25 
Particle positions: [[287 285 289 286 290 281 290 284 288 286 288 286 287 284 285 290 285 283
  287 282]] 
Fitness: [12308 12346 12315 12348 12318 12332 12318 12342 12311 12349 12311 12349
 12308 12342 12345 12318 12345 12339 12308 12335] 
Iteration: 26 
Particle positions: [[285 287 287 286 287 290 282 288 281 287 282 287 288 288 288 290 285 287
  283 288]] 
Fitness: [12346 12308 12308 12349 12309 12318 12335 12311 12331 12308 12335 12308
 12311 12311 12311 12317 12346 12308 12338 12312] 
Iteration: 27 
Particle positions: [[286 284 282 286 281 289 290 282 286 286 288 286 286 284 283 280 285 284
  288 290]] 
Fitness: [12349 12342 12335 12349 12332 12315 12318 12335 12349 12348 12311 12348
 12349 12343 12338 12328 12346 12343 12311 12318] 
Iteration: 28 
Particle positions: [[286 285 289 286 285 284 283 285 289 285 288 285 284 285 287 284 285 286
  288 283]] 
Fitness: [12349 12347 12314 12349 12346 12342 12339 12346 12314 12345 12311 12346
 12342 12345 12307 12342 12345 12349 12312 12339] 
Iteration: 29 
Particle positions: [[286 286 284 286 288 286 283 289 281 285 285 286 286 286 287 289 285 287
  283 281]] 
Fitness: [12349 12349 12341 12349 12311 12349 12339 12314 12331 12345 12346 12349
 12348 12348 12308 12315 12346 12308 12338 12331] 
Iteration: 30 
Particle positions: [[286 286 285 286 286 287 290 287 289 288 285 286 287 287 284 287 286 286
  282 284]] 
Fitness: [12349 12349 12345 12349 12349 12308 12317 12308 12315 12311 12345 12348
 12308 12308 12342 12308 12348 12349 12335 12341] 
Iteration: 31 
Particle positions: [[286 286 288 286 284 284 287 283 288 285 288 286 284 285 284 284 286 285
  290 286]] 
Fitness: [12349 12349 12311 12349 12342 12342 12308 12339 12311 12345 12311 12349
 12342 12346 12343 12342 12349 12346 12318 12349] 
Iteration: 32 
Particle positions: [[286 286 282 286 285 286 284 285 286 285 287 286 285 287 287 284 286 286
  290 287]] 
Fitness: [12349 12349 12335 12349 12346 12349 12342 12346 12349 12346 12308 12349
 12345 12308 12309 12342 12349 12350 12318 12308] 
Iteration: 33 
Particle positions: [[286 286 283 286 288 287 285 286 284 287 285 286 288 284 286 287 286 286
  284 286]] 
Fitness: [12349 12350 12339 12349 12312 12308 12345 12349 12342 12308 12345 12349
 12312 12343 12349 12308 12349 12349 12342 12349] 
Iteration: 34 
Particle positions: [[286 286 290 286 282 286 288 286 286 286 287 286 288 284 285 283 286 286
  286 285]] 
Fitness: [12349 12349 12318 12349 12335 12349 12311 12349 12349 12349 12308 12349
 12311 12342 12345 12339 12350 12349 12349 12345] 
Iteration: 35 
Particle positions: [[286 286 290 286 285 285 284 286 287 285 286 286 284 288 288 288 286 286
  287 286]] 
Fitness: [12350 12349 12318 12349 12345 12345 12342 12349 12308 12345 12349 12349
 12342 12311 12311 12311 12349 12349 12308 12349] 
Iteration: 36 
Particle positions: [[286 286 277 286 287 287 284 286 285 286 285 286 287 284 287 286 286 286
  285 286]] 
Fitness: [12349 12349 12317 12349 12308 12308 12343 12349 12346 12349 12346 12349
 12308 12342 12308 12349 12349 12349 12346 12349] 
Iteration: 37 
Particle positions: [[286 286 290 286 286 287 289 286 286 286 287 286 287 285 285 285 286 286
  287 286]] 
Fitness: [12349 12349 12318 12349 12349 12308 12315 12349 12349 12349 12308 12349
 12308 12346 12346 12345 12349 12349 12308 12349] 
Iteration: 38 
Particle positions: [[286 286 290 286 285 284 284 286 286 286 286 286 285 286 286 286 286 286
  286 286]] 
Fitness: [12348 12349 12318 12349 12346 12342 12342 12349 12349 12348 12349 12348
 12346 12349 12349 12349 12349 12349 12349 12349] 
Iteration: 39 
Particle positions: [[286 286 284 286 288 285 288 286 286 286 285 286 285 286 286 286 286 286
  285 286]] 
Fitness: [12349 12349 12342 12349 12312 12345 12312 12349 12349 12349 12346 12349
 12346 12348 12349 12349 12349 12348 12346 12349] 
Iteration: 40 
Particle positions: [[286 286 286 286 286 287 286 286 286 286 285 286 288 286 286 286 286 286
  287 286]] 
Fitness: [12349 12348 12348 12349 12349 12308 12349 12348 12349 12348 12345 12350
 12312 12350 12349 12349 12349 12349 12308 12349] 
Iteration: 41 
Particle positions: [[286 286 287 286 285 285 285 286 286 286 286 286 283 286 286 286 286 286
  286 286]] 
Fitness: [12349 12349 12308 12349 12345 12346 12346 12349 12349 12349 12349 12349
 12338 12348 12349 12349 12349 12349 12349 12349] 
Iteration: 42 
Particle positions: [[286 286 284 286 285 286 287 286 286 286 286 286 290 286 286 286 286 286
  285 286]] 
Fitness: [12348 12349 12341 12349 12346 12349 12308 12349 12349 12349 12349 12349
 12318 12349 12349 12349 12350 12349 12346 12349] 
Iteration: 43 
Particle positions: [[286 286 288 286 286 286 286 286 286 286 286 286 285 286 286 286 286 286
  287 286]] 
Fitness: [12349 12349 12312 12349 12348 12349 12349 12349 12349 12349 12349 12349
 12345 12349 12350 12349 12349 12349 12308 12349] 
Iteration: 44 
Particle positions: [[286 286 286 286 286 286 285 286 286 286 286 286 285 286 286 286 286 286
  286 286]] 
Fitness: [12349 12349 12349 12349 12349 12350 12345 12349 12349 12349 12349 12349
 12346 12349 12349 12350 12349 12349 12349 12349] 
Iteration: 45 
Particle positions: [[286 286 285 286 286 286 288 286 286 286 286 286 288 286 286 286 286 286
  285 286]] 
Fitness: [12349 12349 12345 12349 12350 12349 12312 12349 12348 12349 12349 12349
 12311 12349 12349 12349 12349 12349 12346 12349] 
Iteration: 46 
Particle positions: [[286 286 285 286 286 286 285 286 286 286 286 286 283 286 286 286 286 286
  288 286]] 
Fitness: [12349 12349 12346 12349 12349 12348 12346 12348 12349 12349 12349 12349
 12339 12349 12348 12349 12349 12349 12311 12350] 
Iteration: 47 
Particle positions: [[286 286 287 286 286 286 284 286 286 286 286 286 282 286 286 286 286 286
  285 286]] 
Fitness: [12349 12348 12308 12349 12349 12349 12342 12349 12349 12349 12349 12349
 12335 12349 12349 12348 12349 12349 12345 12349] 
Iteration: 48 
Particle positions: [[286 286 285 286 286 286 286 286 286 286 286 286 288 286 286 286 286 286
  284 286]] 
Fitness: [12349 12349 12345 12348 12349 12349 12349 12349 12349 12349 12349 12349
 12311 12349 12349 12349 12349 12349 12341 12349] 
Iteration: 49 
Particle positions: [[286 286 287 286 286 286 287 286 286 286 286 286 286 286 286 286 286 286
  290 286]] 
Fitness: [12349 12348 12308 12348 12349 12349 12308 12349 12348 12349 12349 12349
 12349 12348 12350 12349 12349 12349 12318 12349] 
Object: 1 
Iteration: 0 
Particle positions: [[ 256   20  228   96  -45   92  257 -239 -149 -267  -63  203  -48  145
  -206  230 -105 -237 -180  -48]] 
Fitness: [12233 11544 12228 11856 11167 11840 15834  9736 10481  9498 11054 12164
 11148 12044  9999 12233 10780  9753 10241 11148] 
Iteration: 1 
Particle positions: [[ 257  279  255  227   15  176  257  281  148  290  156  276  231  216
   -84  276 -104  290  290  290]] 
Fitness: [15840 12270 12232 12226 11518 12097 15842 12273 12055 12287 12082 12264
 12235 12200 10918 12265 10787 12287 12287 12287] 
Iteration: 2 
Particle positions: [[258 290 279 290 290 290 257 290 290 290 290 290 290 290 290 290 290 290
  290 290]] 
Fitness: [12235 12287 12270 12288 12288 12288 15850 12288 12288 12287 12288 12288
 12288 12287 12287 12287 12287 12287 12287 12287] 
Iteration: 3 
Particle positions: [[256 290 285 290 290 290 257 290 290 290 290 262 290 290 290 279 290 290
  290 290]] 
Fitness: [12233 12287 12280 12288 12288 12288 15856 12288 12288 12288 12287 12241
 12288 12287 12288 12270 12287 12287 12287 12287] 
Iteration: 4 
Particle positions: [[258 290 237 290 290 290 257 290 290 290 290 265 290 290 290 253 290 290
  290 290]] 
Fitness: [12235 12287 12247 12288 12287 12287 12234 12288 12287 12287 12288 12244
 12288 12287 12287 12230 12287 12287 12287 12288] 
Iteration: 5 
Particle positions: [[257 290 290 290 290 290 257 290 290 290 290 272 290 226 290 273 290 290
  290 290]] 
Fitness: [15867 12287 12287 12288 12287 12288 15870 12288 12287 12288 12288 12256
 12288 12224 12287 12260 12288 12287 12288 12288] 
Iteration: 6 
Particle positions: [[256 287 290 253 290 290 257 290 290 290 290 267 290 225 290 290 290 290
  290 290]] 
Fitness: [12233 12283 12288 12230 12288 12288 15875 12288 12288 12288 12287 12246
 12287 12222 12287 12288 12288 12288 12288 12288] 
Iteration: 7 
Particle positions: [[257 263 288 290 290 238 257 290 290 290 287 290 290 290 290 283 290 290
  290 290]] 
Fitness: [12235 12241 12285 12288 12288 12250 12235 12287 12288 12287 12283 12287
 12287 12287 12287 12277 12287 12287 12287 12287] 
Iteration: 8 
Particle positions: [[258 282 278 269 290 229 257 290 290 290 279 290 276 290 290 278 290 290
  290 290]] 
Fitness: [12236 12275 12268 12251 12287 12231 15888 12288 12287 12288 12270 12287
 12265 12288 12288 12268 12288 12288 12288 12287] 
Iteration: 9 
Particle positions: [[258 290 254 247 267 290 257 289 290 290 253 266 264 290 290 289 290 290
  290 288]] 
Fitness: [12236 12288 12231 12220 12246 12287 12235 12285 12288 12288 12229 12244
 12242 12287 12288 12286 12288 12288 12287 12284] 
Iteration: 10 
Particle positions: [[256 272 290 274 271 290 257 287 270 286 267 247 274 290 290 285 290 289
  267 252]] 
Fitness: [12233 12256 12288 12260 12254 12287 15902 12283 12253 12282 12245 12221
 12261 12287 12288 12280 12288 12286 12245 12228] 
Iteration: 11 
Particle positions: [[256 273 290 290 290 236 257 284 267 273 275 262 269 257 263 243 290 251
  264 261]] 
Fitness: [12233 12258 12287 12287 12287 12245 15908 12279 12246 12259 12263 12241
 12250 12234 12241 12214 12288 12226 12243 12239] 
Iteration: 12 
Particle positions: [[258 290 290 247 290 227 257 277 287 268 290 286 262 237 257 233 273 242
  275 277]] 
Fitness: [12235 12288 12288 12220 12287 12226 15915 12267 12283 12248 12287 12282
 12241 12247 15918 12239 12258 12212 12263 12266] 
Iteration: 13 
Particle positions: [[258 282 261 287 276 280 257 254 289 271 242 259 283 274 252 270 248 290
  279 277]] 
Fitness: [12236 12276 12239 12283 12265 12272 15922 12231 12287 12254 12212 12237
 12277 12261 12228 12252 12223 12288 12270 12266] 
Iteration: 14 
Particle positions: [[256 249 247 287 244 290 257 290 248 278 273 282 290 290 262 290 274 290
  274 275]] 
Fitness: [12234 12223 12220 12283 12215 12288 12235 12287 12222 12269 12259 12276
 12288 12288 12240 12288 12261 12288 12261 12262] 
Iteration: 15 
Particle positions: [[256 259 290 267 290 270 257 290 230 271 290 282 252 265 264 290 290 290
  269 258]] 
Fitness: [12233 12237 12288 12246 12287 12253 15937 12287 12233 12255 12287 12275
 12227 12244 12242 12288 12287 12287 12250 12236] 
Iteration: 16 
Particle positions: [[259 269 290 240 290 239 257 252 290 290 281 273 235 267 246 269 262 284
  275 263]] 
Fitness: [12237 12251 12288 12252 12287 12251 15944 12228 12289 12287 12273 12259
 12243 12246 12218 12251 12241 12278 12263 12241] 
Iteration: 17 
Particle positions: [[257 286 243 241 290 290 257 290 290 286 236 259 282 290 238 251 274 257
  289 282]] 
Fitness: [12235 12281 12214 12210 12287 12288 15951 12287 12288 12282 12245 12237
 12275 12287 12249 12227 12261 15955 12286 12276] 
Iteration: 18 
Particle positions: [[255 273 290 290 290 290 257 284 247 260 290 262 290 290 272 250 290 237
  268 290]] 
Fitness: [12232 12259 12287 12287 12287 12288 12235 12279 12221 12238 12288 12240
 12287 12287 12256 12225 12288 12247 12248 12287] 
Iteration: 19 
Particle positions: [[260 268 290 290 290 290 257 279 290 290 265 290 260 286 246 290 283 266
  256 277]] 
Fitness: [12239 12248 12287 12287 12288 12287 15964 12271 12289 12287 12243 12288
 12238 12282 12219 12287 12277 12245 12233 12266] 
Iteration: 20 
Particle positions: [[260 269 251 290 244 289 257 240 285 290 279 284 290 254 255 279 275 275
  290 260]] 
Fitness: [12239 12250 12226 12287 12216 12286 15971 12253 12280 12288 12270 12279
 12288 12230 12233 12270 12263 12263 12288 12237] 
Iteration: 21 
Particle positions: [[255 289 290 274 240 242 257 249 269 249 266 241 253 257 265 274 286 247
  290 262]] 
Fitness: [12232 12286 12287 12260 12253 12212 15978 12223 12250 12224 12245 12210
 12230 12234 12243 12260 12282 12220 12288 12241] 
Iteration: 22 
Particle positions: [[253 248 290 253 290 273 257 285 260 274 258 290 236 286 254 270 265 262
  274 290]] 
Fitness: [12230 12222 12288 12229 12287 12259 15985 12281 12238 12261 12236 12288
 12246 12281 12231 12252 12244 12240 12261 12288] 
Iteration: 23 
Particle positions: [[254 265 252 286 289 290 257 289 290 290 263 290 290 283 257 281 261 253
  235 272]] 
Fitness: [12231 12243 12228 12282 12286 12288 15992 12286 12288 12287 12242 12287
 12287 12277 15995 12273 12239 12230 12244 12257] 
Iteration: 24 
Particle positions: [[261 287 285 290 234 277 257 265 290 271 264 236 290 249 259 286 290 256
  263 236]] 
Fitness: [12239 12283 12280 12288 12241 12266 12235 12243 12287 12256 12243 12245
 12287 12224 12237 12282 12288 12234 12241 12245] 
Iteration: 25 
Particle positions: [[256 290 270 280 290 274 257 262 289 243 280 290 275 290 257 290 290 260
  290 254]] 
Fitness: [12233 12287 12253 12272 12287 12260 16005 12241 12286 12214 12272 12287
 12262 12288 16010 12288 12288 12237 12287 12231] 
Iteration: 26 
Particle positions: [[254 290 258 234 290 287 257 283 272 290 287 273 254 260 255 290 258 256
  273 273]] 
Fitness: [12231 12288 12235 12241 12288 12283 16013 12276 12257 12288 12284 12259
 12230 12238 12232 12288 12236 12233 12259 12259] 
Iteration: 27 
Particle positions: [[259 246 265 238 268 284 257 266 255 286 251 235 273 287 260 247 262 255
  281 266]] 
Fitness: [12237 12219 12243 12249 12248 12278 12234 12244 12232 12282 12226 12243
 12259 12283 12238 12220 12240 12232 12273 12244] 
Iteration: 28 
Particle positions: [[259 261 264 251 272 265 257 243 273 244 288 290 262 290 258 276 283 260
  262 284]] 
Fitness: [12237 12239 12242 12227 12257 12243 16028 12213 12259 12215 12286 12287
 12241 12288 12236 12265 12277 12237 12240 12279] 
Iteration: 29 
Particle positions: [[255 290 290 290 262 264 257 290 284 281 290 290 281 234 254 290 257 259
  284 290]] 
Fitness: [12232 12288 12288 12287 12240 12243 16034 12287 12278 12273 12288 12287
 12273 12241 12231 12287 12234 12238 12279 12287] 
Iteration: 30 
Particle positions: [[256 290 290 290 278 264 257 275 290 290 251 252 251 290 254 257 290 256
  279 271]] 
Fitness: [12233 12287 12288 12288 12268 12243 16040 12263 12287 12288 12226 12227
 12226 12287 12231 16043 12288 12234 12271 12255] 
Iteration: 31 
Particle positions: [[258 271 268 260 283 274 257 258 283 255 233 254 247 290 258 237 290 254
  261 253]] 
Fitness: [12236 12254 12248 12238 12277 12260 16047 12236 12276 12232 12239 12231
 12220 12288 12236 12247 12288 12231 12239 12230] 
Iteration: 32 
Particle positions: [[257 274 284 266 286 263 257 254 265 244 285 290 290 290 259 283 249 259
  287 285]] 
Fitness: [16052 12261 12279 12245 12282 12241 12235 12231 12244 12215 12280 12287
 12287 12287 12238 12277 12223 12237 12283 12280] 
Iteration: 33 
Particle positions: [[256 290 289 290 257 290 257 290 287 290 290 254 290 267 258 270 247 256
  287 272]] 
Fitness: [12234 12288 12287 12288 16060 12288 16061 12288 12283 12287 12287 12231
 12288 12246 12236 12252 12221 12233 12283 12256] 
Iteration: 34 
Particle positions: [[258 260 278 275 240 251 257 273 262 290 251 240 290 290 257 241 290 256
  258 261]] 
Fitness: [12236 12238 12268 12263 12253 12226 16067 12259 12240 12288 12226 12253
 12288 12287 16069 12210 12287 12233 12236 12239] 
Iteration: 35 
Particle positions: [[255 259 280 277 290 255 257 270 266 290 248 290 254 290 256 245 290 258
  271 290]] 
Fitness: [12232 12237 12271 12266 12288 12233 12235 12252 12244 12288 12222 12287
 12231 12287 12233 12217 12287 12236 12254 12288] 
Iteration: 36 
Particle positions: [[258 286 281 287 201 290 257 261 290 280 260 281 263 257 258 264 259 258
  281 280]] 
Fitness: [12236 12281 12274 12283 12156 12287 16080 12239 12287 12272 12238 12273
 12242 12234 12235 12243 12236 12236 12275 12272] 
Iteration: 37 
Particle positions: [[257 290 240 263 290 283 257 270 237 249 290 270 260 290 258 271 252 256
  249 272]] 
Fitness: [16086 12287 12252 12241 12287 12277 16086 12252 12248 12223 12288 12252
 12237 12288 12236 12254 12228 12233 12224 12256] 
Iteration: 38 
Particle positions: [[256 276 266 265 290 266 257 290 256 290 273 285 290 278 256 250 290 256
  257 241]] 
Fitness: [12233 12265 12244 12244 12287 12245 16094 12288 12234 12287 12259 12280
 12287 12268 12233 12225 12288 12233 16098 12210] 
Iteration: 39 
Particle positions: [[257 263 288 290 239 266 257 289 290 290 248 248 290 252 257 247 277 258
  261 290]] 
Fitness: [12235 12242 12284 12287 12251 12244 12234 12286 12288 12288 12222 12222
 12288 12228 16103 12220 12267 12236 12240 12288] 
Iteration: 40 
Particle positions: [[257 290 290 247 242 284 257 259 280 265 290 290 258 290 257 268 262 258
  256 271]] 
Fitness: [16105 12288 12287 12220 12212 12278 16107 12237 12272 12243 12288 12288
 12236 12288 16108 12248 12240 12236 12233 12255] 
Iteration: 41 
Particle positions: [[257 262 263 290 271 250 257 287 255 261 268 288 279 290 257 267 290 256
  254 252]] 
Fitness: [16111 12241 12241 12287 12255 12225 16113 12283 12232 12239 12248 12285
 12270 12287 12235 12246 12287 12233 12231 12228] 
Iteration: 42 
Particle positions: [[257 265 273 271 241 290 257 267 252 264 249 232 288 287 257 247 290 258
  261 267]] 
Fitness: [12235 12243 12259 12255 12210 12288 16120 12246 12227 12242 12224 12237
 12284 12283 16123 12220 12288 12236 12239 12246] 
Iteration: 43 
Particle positions: [[257 277 287 277 254 260 257 244 255 289 264 263 248 258 257 262 258 258
  254 281]] 
Fitness: [16125 12267 12283 12266 12230 12239 16126 12216 12232 12286 12243 12242
 12222 12236 16130 12240 12236 12236 12230 12273] 
Iteration: 44 
Particle positions: [[257 268 241 272 264 246 257 290 290 254 288 290 290 278 257 264 290 257
  256 263]] 
Fitness: [16132 12248 12210 12256 12243 12218 12234 12288 12287 12231 12285 12287
 12288 12268 12234 12243 12287 16137 12233 12241] 
Iteration: 45 
Particle positions: [[257 265 290 273 255 290 257 290 290 241 246 289 290 262 257 248 290 256
  258 254]] 
Fitness: [16138 12244 12287 12259 12232 12287 16139 12287 12286 12210 12219 12286
 12287 12240 16142 12222 12287 12233 12236 12231] 
Iteration: 46 
Particle positions: [[257 290 265 290 253 260 257 264 273 290 290 252 274 290 257 268 263 258
  257 277]] 
